file,line,type,commit,author,date,time,timezone,datetime,depth,length
style.css,1,css,4bb04a90,Jesse Huang,2025-04-04,15:05:07,-07:00,2025-04-04T15:05:07-07:00,0,5
style.css,2,css,4bb04a90,Jesse Huang,2025-04-04,15:05:07,-07:00,2025-04-04T15:05:07-07:00,0,44
style.css,3,css,4bb04a90,Jesse Huang,2025-04-04,15:05:07,-07:00,2025-04-04T15:05:07-07:00,0,43
style.css,4,css,4bb04a90,Jesse Huang,2025-04-04,15:05:07,-07:00,2025-04-04T15:05:07-07:00,0,1
style.css,5,css,4bb04a90,Jesse Huang,2025-04-04,15:05:07,-07:00,2025-04-04T15:05:07-07:00,0,24
style.css,6,css,63f0fc9c,Jesse Huang,2025-04-04,23:57:40,-07:00,2025-04-04T23:57:40-07:00,0,66
style.css,7,css,63f0fc9c,Jesse Huang,2025-04-04,23:57:40,-07:00,2025-04-04T23:57:40-07:00,0,86
style.css,8,css,63f0fc9c,Jesse Huang,2025-04-04,23:57:40,-07:00,2025-04-04T23:57:40-07:00,0,66
style.css,9,css,4bb04a90,Jesse Huang,2025-04-04,15:05:07,-07:00,2025-04-04T15:05:07-07:00,0,0
style.css,10,css,4bb04a90,Jesse Huang,2025-04-04,15:05:07,-07:00,2025-04-04T15:05:07-07:00,0,0
style.css,11,css,4bb04a90,Jesse Huang,2025-04-04,15:05:07,-07:00,2025-04-04T15:05:07-07:00,0,18
style.css,12,css,63f0fc9c,Jesse Huang,2025-04-04,23:57:40,-07:00,2025-04-04T23:57:40-07:00,0,15
style.css,13,css,4bb04a90,Jesse Huang,2025-04-04,15:05:07,-07:00,2025-04-04T15:05:07-07:00,0,12
style.css,14,css,63f0fc9c,Jesse Huang,2025-04-04,23:57:40,-07:00,2025-04-04T23:57:40-07:00,0,0
style.css,15,css,63f0fc9c,Jesse Huang,2025-04-04,23:57:40,-07:00,2025-04-04T23:57:40-07:00,0,0
style.css,16,css,63f0fc9c,Jesse Huang,2025-04-04,23:57:40,-07:00,2025-04-04T23:57:40-07:00,0,0
style.css,17,css,63f0fc9c,Jesse Huang,2025-04-04,23:57:40,-07:00,2025-04-04T23:57:40-07:00,0,10
style.css,18,css,63f0fc9c,Jesse Huang,2025-04-04,23:57:40,-07:00,2025-04-04T23:57:40-07:00,0,0
style.css,19,css,63f0fc9c,Jesse Huang,2025-04-04,23:57:40,-07:00,2025-04-04T23:57:40-07:00,0,6
style.css,20,css,63f0fc9c,Jesse Huang,2025-04-04,23:57:40,-07:00,2025-04-04T23:57:40-07:00,0,37
style.css,21,css,63f0fc9c,Jesse Huang,2025-04-04,23:57:40,-07:00,2025-04-04T23:57:40-07:00,0,64
style.css,22,css,63f0fc9c,Jesse Huang,2025-04-04,23:57:40,-07:00,2025-04-04T23:57:40-07:00,0,79
style.css,23,css,63f0fc9c,Jesse Huang,2025-04-04,23:57:40,-07:00,2025-04-04T23:57:40-07:00,0,18
style.css,24,css,63f0fc9c,Jesse Huang,2025-04-04,23:57:40,-07:00,2025-04-04T23:57:40-07:00,0,35
style.css,25,css,63f0fc9c,Jesse Huang,2025-04-04,23:57:40,-07:00,2025-04-04T23:57:40-07:00,0,0
style.css,26,css,63f0fc9c,Jesse Huang,2025-04-04,23:57:40,-07:00,2025-04-04T23:57:40-07:00,0,0
style.css,27,css,63f0fc9c,Jesse Huang,2025-04-04,23:57:40,-07:00,2025-04-04T23:57:40-07:00,0,4
style.css,28,css,63f0fc9c,Jesse Huang,2025-04-04,23:57:40,-07:00,2025-04-04T23:57:40-07:00,0,153
style.css,29,css,fffb7953,Jesse Huang,2025-05-09,02:18:35,-07:00,2025-05-09T02:18:35-07:00,0,81
style.css,30,css,63f0fc9c,Jesse Huang,2025-04-04,23:57:40,-07:00,2025-04-04T23:57:40-07:00,0,17
style.css,31,css,63f0fc9c,Jesse Huang,2025-04-04,23:57:40,-07:00,2025-04-04T23:57:40-07:00,0,24
style.css,32,css,63f0fc9c,Jesse Huang,2025-04-04,23:57:40,-07:00,2025-04-04T23:57:40-07:00,0,26
style.css,33,css,63f0fc9c,Jesse Huang,2025-04-04,23:57:40,-07:00,2025-04-04T23:57:40-07:00,0,40
style.css,34,css,63f0fc9c,Jesse Huang,2025-04-04,23:57:40,-07:00,2025-04-04T23:57:40-07:00,0,0
style.css,35,css,63f0fc9c,Jesse Huang,2025-04-04,23:57:40,-07:00,2025-04-04T23:57:40-07:00,0,0
style.css,36,css,63f0fc9c,Jesse Huang,2025-04-04,23:57:40,-07:00,2025-04-04T23:57:40-07:00,0,9
style.css,37,css,63f0fc9c,Jesse Huang,2025-04-04,23:57:40,-07:00,2025-04-04T23:57:40-07:00,0,26
style.css,38,css,63f0fc9c,Jesse Huang,2025-04-04,23:57:40,-07:00,2025-04-04T23:57:40-07:00,0,26
style.css,39,css,63f0fc9c,Jesse Huang,2025-04-04,23:57:40,-07:00,2025-04-04T23:57:40-07:00,0,40
style.css,40,css,63f0fc9c,Jesse Huang,2025-04-04,23:57:40,-07:00,2025-04-04T23:57:40-07:00,0,21
style.css,41,css,63f0fc9c,Jesse Huang,2025-04-04,23:57:40,-07:00,2025-04-04T23:57:40-07:00,0,0
style.css,42,css,63f0fc9c,Jesse Huang,2025-04-04,23:57:40,-07:00,2025-04-04T23:57:40-07:00,0,0
style.css,43,css,63f0fc9c,Jesse Huang,2025-04-04,23:57:40,-07:00,2025-04-04T23:57:40-07:00,0,5
style.css,44,css,63f0fc9c,Jesse Huang,2025-04-04,23:57:40,-07:00,2025-04-04T23:57:40-07:00,0,76
style.css,45,css,63f0fc9c,Jesse Huang,2025-04-04,23:57:40,-07:00,2025-04-04T23:57:40-07:00,0,97
style.css,46,css,b850fa18,Jesse Huang,2025-04-19,14:43:00,-07:00,2025-04-19T14:43:00-07:00,0,55
style.css,47,css,63f0fc9c,Jesse Huang,2025-04-04,23:57:40,-07:00,2025-04-04T23:57:40-07:00,0,0
style.css,48,css,63f0fc9c,Jesse Huang,2025-04-04,23:57:40,-07:00,2025-04-04T23:57:40-07:00,0,0
style.css,49,css,63f0fc9c,Jesse Huang,2025-04-04,23:57:40,-07:00,2025-04-04T23:57:40-07:00,0,12
style.css,50,css,63f0fc9c,Jesse Huang,2025-04-04,23:57:40,-07:00,2025-04-04T23:57:40-07:00,0,26
style.css,51,css,63f0fc9c,Jesse Huang,2025-04-04,23:57:40,-07:00,2025-04-04T23:57:40-07:00,0,26
style.css,52,css,63f0fc9c,Jesse Huang,2025-04-04,23:57:40,-07:00,2025-04-04T23:57:40-07:00,0,88
style.css,53,css,63f0fc9c,Jesse Huang,2025-04-04,23:57:40,-07:00,2025-04-04T23:57:40-07:00,0,100
style.css,54,css,63f0fc9c,Jesse Huang,2025-04-04,23:57:40,-07:00,2025-04-04T23:57:40-07:00,0,21
style.css,55,css,63f0fc9c,Jesse Huang,2025-04-04,23:57:40,-07:00,2025-04-04T23:57:40-07:00,0,0
style.css,56,css,63f0fc9c,Jesse Huang,2025-04-04,23:57:40,-07:00,2025-04-04T23:57:40-07:00,0,0
style.css,57,css,63f0fc9c,Jesse Huang,2025-04-04,23:57:40,-07:00,2025-04-04T23:57:40-07:00,0,27
style.css,58,css,63f0fc9c,Jesse Huang,2025-04-04,23:57:40,-07:00,2025-04-04T23:57:40-07:00,0,14
style.css,59,css,63f0fc9c,Jesse Huang,2025-04-04,23:57:40,-07:00,2025-04-04T23:57:40-07:00,0,11
style.css,60,css,63f0fc9c,Jesse Huang,2025-04-04,23:57:40,-07:00,2025-04-04T23:57:40-07:00,0,0
style.css,61,css,63f0fc9c,Jesse Huang,2025-04-04,23:57:40,-07:00,2025-04-04T23:57:40-07:00,0,0
style.css,62,css,63f0fc9c,Jesse Huang,2025-04-04,23:57:40,-07:00,2025-04-04T23:57:40-07:00,0,26
style.css,63,css,63f0fc9c,Jesse Huang,2025-04-04,23:57:40,-07:00,2025-04-04T23:57:40-07:00,0,14
style.css,64,css,63f0fc9c,Jesse Huang,2025-04-04,23:57:40,-07:00,2025-04-04T23:57:40-07:00,0,11
style.css,65,css,63f0fc9c,Jesse Huang,2025-04-04,23:57:40,-07:00,2025-04-04T23:57:40-07:00,0,81
style.css,66,css,63f0fc9c,Jesse Huang,2025-04-04,23:57:40,-07:00,2025-04-04T23:57:40-07:00,0,18
style.css,67,css,63f0fc9c,Jesse Huang,2025-04-04,23:57:40,-07:00,2025-04-04T23:57:40-07:00,0,3
style.css,68,css,63f0fc9c,Jesse Huang,2025-04-04,23:57:40,-07:00,2025-04-04T23:57:40-07:00,0,0
style.css,69,css,63f0fc9c,Jesse Huang,2025-04-04,23:57:40,-07:00,2025-04-04T23:57:40-07:00,0,5
style.css,70,css,63f0fc9c,Jesse Huang,2025-04-04,23:57:40,-07:00,2025-04-04T23:57:40-07:00,0,54
style.css,71,css,63f0fc9c,Jesse Huang,2025-04-04,23:57:40,-07:00,2025-04-04T23:57:40-07:00,0,76
style.css,72,css,63f0fc9c,Jesse Huang,2025-04-04,23:57:40,-07:00,2025-04-04T23:57:40-07:00,0,7
style.css,73,css,63f0fc9c,Jesse Huang,2025-04-04,23:57:40,-07:00,2025-04-04T23:57:40-07:00,0,0
style.css,74,css,63f0fc9c,Jesse Huang,2025-04-04,23:57:40,-07:00,2025-04-04T23:57:40-07:00,0,0
style.css,75,css,63f0fc9c,Jesse Huang,2025-04-04,23:57:40,-07:00,2025-04-04T23:57:40-07:00,0,6
style.css,76,css,b850fa18,Jesse Huang,2025-04-19,14:43:00,-07:00,2025-04-19T14:43:00-07:00,0,117
style.css,77,css,b850fa18,Jesse Huang,2025-04-19,14:43:00,-07:00,2025-04-19T14:43:00-07:00,0,16
style.css,78,css,b850fa18,Jesse Huang,2025-04-19,14:43:00,-07:00,2025-04-19T14:43:00-07:00,0,30
style.css,79,css,b850fa18,Jesse Huang,2025-04-19,14:43:00,-07:00,2025-04-19T14:43:00-07:00,0,20
style.css,80,css,63f0fc9c,Jesse Huang,2025-04-04,23:57:40,-07:00,2025-04-04T23:57:40-07:00,0,0
style.css,81,css,63f0fc9c,Jesse Huang,2025-04-04,23:57:40,-07:00,2025-04-04T23:57:40-07:00,0,0
style.css,82,css,63f0fc9c,Jesse Huang,2025-04-04,23:57:40,-07:00,2025-04-04T23:57:40-07:00,0,7
style.css,83,css,63f0fc9c,Jesse Huang,2025-04-04,23:57:40,-07:00,2025-04-04T23:57:40-07:00,0,71
style.css,84,css,63f0fc9c,Jesse Huang,2025-04-04,23:57:40,-07:00,2025-04-04T23:57:40-07:00,0,0
style.css,85,css,63f0fc9c,Jesse Huang,2025-04-04,23:57:40,-07:00,2025-04-04T23:57:40-07:00,0,0
style.css,86,css,63f0fc9c,Jesse Huang,2025-04-04,23:57:40,-07:00,2025-04-04T23:57:40-07:00,0,10
style.css,87,css,63f0fc9c,Jesse Huang,2025-04-04,23:57:40,-07:00,2025-04-04T23:57:40-07:00,0,13
style.css,88,css,63f0fc9c,Jesse Huang,2025-04-04,23:57:40,-07:00,2025-04-04T23:57:40-07:00,0,185
style.css,89,css,63f0fc9c,Jesse Huang,2025-04-04,23:57:40,-07:00,2025-04-04T23:57:40-07:00,0,8
style.css,90,css,63f0fc9c,Jesse Huang,2025-04-04,23:57:40,-07:00,2025-04-04T23:57:40-07:00,0,16
style.css,91,css,63f0fc9c,Jesse Huang,2025-04-04,23:57:40,-07:00,2025-04-04T23:57:40-07:00,0,0
style.css,92,css,63f0fc9c,Jesse Huang,2025-04-04,23:57:40,-07:00,2025-04-04T23:57:40-07:00,0,0
style.css,93,css,63f0fc9c,Jesse Huang,2025-04-04,23:57:40,-07:00,2025-04-04T23:57:40-07:00,0,18
style.css,94,css,fffb7953,Jesse Huang,2025-05-09,02:18:35,-07:00,2025-05-09T02:18:35-07:00,0,51
style.css,95,css,fffb7953,Jesse Huang,2025-05-09,02:18:35,-07:00,2025-05-09T02:18:35-07:00,0,123
style.css,96,css,fffb7953,Jesse Huang,2025-05-09,02:18:35,-07:00,2025-05-09T02:18:35-07:00,0,38
style.css,97,css,fffb7953,Jesse Huang,2025-05-09,02:18:35,-07:00,2025-05-09T02:18:35-07:00,0,16
style.css,98,css,fffb7953,Jesse Huang,2025-05-09,02:18:35,-07:00,2025-05-09T02:18:35-07:00,0,8
style.css,99,css,b850fa18,Jesse Huang,2025-04-19,14:43:00,-07:00,2025-04-19T14:43:00-07:00,0,39
style.css,100,css,b850fa18,Jesse Huang,2025-04-19,14:43:00,-07:00,2025-04-19T14:43:00-07:00,0,12
style.css,101,css,b850fa18,Jesse Huang,2025-04-19,14:43:00,-07:00,2025-04-19T14:43:00-07:00,0,22
style.css,102,css,b850fa18,Jesse Huang,2025-04-19,14:43:00,-07:00,2025-04-19T14:43:00-07:00,0,18
style.css,103,css,b850fa18,Jesse Huang,2025-04-19,14:43:00,-07:00,2025-04-19T14:43:00-07:00,0,25
style.css,104,css,63f0fc9c,Jesse Huang,2025-04-04,23:57:40,-07:00,2025-04-04T23:57:40-07:00,0,0
style.css,105,css,63f0fc9c,Jesse Huang,2025-04-04,23:57:40,-07:00,2025-04-04T23:57:40-07:00,0,0
style.css,106,css,63f0fc9c,Jesse Huang,2025-04-04,23:57:40,-07:00,2025-04-04T23:57:40-07:00,0,3
style.css,107,css,63f0fc9c,Jesse Huang,2025-04-04,23:57:40,-07:00,2025-04-04T23:57:40-07:00,0,15
style.css,108,css,63f0fc9c,Jesse Huang,2025-04-04,23:57:40,-07:00,2025-04-04T23:57:40-07:00,0,0
style.css,109,css,63f0fc9c,Jesse Huang,2025-04-04,23:57:40,-07:00,2025-04-04T23:57:40-07:00,0,0
style.css,110,css,63f0fc9c,Jesse Huang,2025-04-04,23:57:40,-07:00,2025-04-04T23:57:40-07:00,0,23
style.css,111,css,b850fa18,Jesse Huang,2025-04-19,14:43:00,-07:00,2025-04-19T14:43:00-07:00,0,115
style.css,112,css,b850fa18,Jesse Huang,2025-04-19,14:43:00,-07:00,2025-04-19T14:43:00-07:00,0,67
style.css,113,css,63f0fc9c,Jesse Huang,2025-04-04,23:57:40,-07:00,2025-04-04T23:57:40-07:00,0,0
style.css,114,css,63f0fc9c,Jesse Huang,2025-04-04,23:57:40,-07:00,2025-04-04T23:57:40-07:00,0,0
style.css,115,css,63f0fc9c,Jesse Huang,2025-04-04,23:57:40,-07:00,2025-04-04T23:57:40-07:00,0,34
style.css,116,css,b850fa18,Jesse Huang,2025-04-19,14:43:00,-07:00,2025-04-19T14:43:00-07:00,0,18
style.css,117,css,b850fa18,Jesse Huang,2025-04-19,14:43:00,-07:00,2025-04-19T14:43:00-07:00,0,16
style.css,118,css,63f0fc9c,Jesse Huang,2025-04-04,23:57:40,-07:00,2025-04-04T23:57:40-07:00,0,0
style.css,119,css,63f0fc9c,Jesse Huang,2025-04-04,23:57:40,-07:00,2025-04-04T23:57:40-07:00,0,0
style.css,120,css,63f0fc9c,Jesse Huang,2025-04-04,23:57:40,-07:00,2025-04-04T23:57:40-07:00,0,104
style.css,121,css,63f0fc9c,Jesse Huang,2025-04-04,23:57:40,-07:00,2025-04-04T23:57:40-07:00,0,0
style.css,122,css,b850fa18,Jesse Huang,2025-04-19,14:43:00,-07:00,2025-04-19T14:43:00-07:00,0,17
style.css,123,css,b850fa18,Jesse Huang,2025-04-19,14:43:00,-07:00,2025-04-19T14:43:00-07:00,0,0
style.css,124,css,b850fa18,Jesse Huang,2025-04-19,14:43:00,-07:00,2025-04-19T14:43:00-07:00,0,10
style.css,125,css,b850fa18,Jesse Huang,2025-04-19,14:43:00,-07:00,2025-04-19T14:43:00-07:00,0,0
style.css,126,css,b850fa18,Jesse Huang,2025-04-19,14:43:00,-07:00,2025-04-19T14:43:00-07:00,0,14
style.css,127,css,b850fa18,Jesse Huang,2025-04-19,14:43:00,-07:00,2025-04-19T14:43:00-07:00,0,18
style.css,128,css,b850fa18,Jesse Huang,2025-04-19,14:43:00,-07:00,2025-04-19T14:43:00-07:00,0,8
style.css,129,css,b850fa18,Jesse Huang,2025-04-19,14:43:00,-07:00,2025-04-19T14:43:00-07:00,0,10
style.css,130,css,b850fa18,Jesse Huang,2025-04-19,14:43:00,-07:00,2025-04-19T14:43:00-07:00,0,0
style.css,131,css,b850fa18,Jesse Huang,2025-04-19,14:43:00,-07:00,2025-04-19T14:43:00-07:00,0,0
style.css,132,css,b850fa18,Jesse Huang,2025-04-19,14:43:00,-07:00,2025-04-19T14:43:00-07:00,0,36
style.css,133,css,b850fa18,Jesse Huang,2025-04-19,14:43:00,-07:00,2025-04-19T14:43:00-07:00,0,14
style.css,134,css,b850fa18,Jesse Huang,2025-04-19,14:43:00,-07:00,2025-04-19T14:43:00-07:00,0,20
style.css,135,css,fffb7953,Jesse Huang,2025-05-09,02:18:35,-07:00,2025-05-09T02:18:35-07:00,0,0
style.css,136,css,fffb7953,Jesse Huang,2025-05-09,02:18:35,-07:00,2025-05-09T02:18:35-07:00,0,0
style.css,137,css,fffb7953,Jesse Huang,2025-05-09,02:18:35,-07:00,2025-05-09T02:18:35-07:00,0,3
style.css,138,css,fffb7953,Jesse Huang,2025-05-09,02:18:35,-07:00,2025-05-09T02:18:35-07:00,0,13
style.css,139,css,fffb7953,Jesse Huang,2025-05-09,02:18:35,-07:00,2025-05-09T02:18:35-07:00,0,38
style.css,140,css,fffb7953,Jesse Huang,2025-05-09,02:18:35,-07:00,2025-05-09T02:18:35-07:00,0,22
style.css,141,css,fffb7953,Jesse Huang,2025-05-09,02:18:35,-07:00,2025-05-09T02:18:35-07:00,0,15
style.css,142,css,fffb7953,Jesse Huang,2025-05-09,02:18:35,-07:00,2025-05-09T02:18:35-07:00,0,0
style.css,143,css,fffb7953,Jesse Huang,2025-05-09,02:18:35,-07:00,2025-05-09T02:18:35-07:00,0,0
style.css,144,css,fffb7953,Jesse Huang,2025-05-09,02:18:35,-07:00,2025-05-09T02:18:35-07:00,0,3
style.css,145,css,fffb7953,Jesse Huang,2025-05-09,02:18:35,-07:00,2025-05-09T02:18:35-07:00,0,11
style.css,146,css,fffb7953,Jesse Huang,2025-05-09,02:18:35,-07:00,2025-05-09T02:18:35-07:00,0,18
style.css,147,css,fffb7953,Jesse Huang,2025-05-09,02:18:35,-07:00,2025-05-09T02:18:35-07:00,0,25
style.css,148,css,fffb7953,Jesse Huang,2025-05-09,02:18:35,-07:00,2025-05-09T02:18:35-07:00,0,0
style.css,149,css,fffb7953,Jesse Huang,2025-05-09,02:18:35,-07:00,2025-05-09T02:18:35-07:00,0,0
style.css,150,css,fffb7953,Jesse Huang,2025-05-09,02:18:35,-07:00,2025-05-09T02:18:35-07:00,0,3
style.css,151,css,fffb7953,Jesse Huang,2025-05-09,02:18:35,-07:00,2025-05-09T02:18:35-07:00,0,11
style.css,152,css,fffb7953,Jesse Huang,2025-05-09,02:18:35,-07:00,2025-05-09T02:18:35-07:00,0,18
style.css,153,css,fffb7953,Jesse Huang,2025-05-09,02:18:35,-07:00,2025-05-09T02:18:35-07:00,0,0
style.css,154,css,fffb7953,Jesse Huang,2025-05-09,02:18:35,-07:00,2025-05-09T02:18:35-07:00,0,0
style.css,155,css,fffb7953,Jesse Huang,2025-05-09,02:18:35,-07:00,2025-05-09T02:18:35-07:00,0,11
style.css,156,css,fffb7953,Jesse Huang,2025-05-09,02:18:35,-07:00,2025-05-09T02:18:35-07:00,0,13
style.css,157,css,fffb7953,Jesse Huang,2025-05-09,02:18:35,-07:00,2025-05-09T02:18:35-07:00,0,8
style.css,158,css,fffb7953,Jesse Huang,2025-05-09,02:18:35,-07:00,2025-05-09T02:18:35-07:00,0,0
style.css,159,css,fffb7953,Jesse Huang,2025-05-09,02:18:35,-07:00,2025-05-09T02:18:35-07:00,0,0
style.css,160,css,fffb7953,Jesse Huang,2025-05-09,02:18:35,-07:00,2025-05-09T02:18:35-07:00,0,17
style.css,161,css,fffb7953,Jesse Huang,2025-05-09,02:18:35,-07:00,2025-05-09T02:18:35-07:00,0,0
style.css,162,css,fffb7953,Jesse Huang,2025-05-09,02:18:35,-07:00,2025-05-09T02:18:35-07:00,0,10
style.css,163,css,fffb7953,Jesse Huang,2025-05-09,02:18:35,-07:00,2025-05-09T02:18:35-07:00,0,0
style.css,164,css,fffb7953,Jesse Huang,2025-05-09,02:18:35,-07:00,2025-05-09T02:18:35-07:00,0,19
style.css,165,css,fffb7953,Jesse Huang,2025-05-09,02:18:35,-07:00,2025-05-09T02:18:35-07:00,0,15
style.css,166,css,fffb7953,Jesse Huang,2025-05-09,02:18:35,-07:00,2025-05-09T02:18:35-07:00,0,17
style.css,167,css,fffb7953,Jesse Huang,2025-05-09,02:18:35,-07:00,2025-05-09T02:18:35-07:00,0,0
style.css,168,css,fffb7953,Jesse Huang,2025-05-09,02:18:35,-07:00,2025-05-09T02:18:35-07:00,0,17
style.css,169,css,fffb7953,Jesse Huang,2025-05-09,02:18:35,-07:00,2025-05-09T02:18:35-07:00,0,0
style.css,170,css,fffb7953,Jesse Huang,2025-05-09,02:18:35,-07:00,2025-05-09T02:18:35-07:00,0,0
style.css,171,css,fffb7953,Jesse Huang,2025-05-09,02:18:35,-07:00,2025-05-09T02:18:35-07:00,0,8
style.css,172,css,fffb7953,Jesse Huang,2025-05-09,02:18:35,-07:00,2025-05-09T02:18:35-07:00,0,13
style.css,173,css,fffb7953,Jesse Huang,2025-05-09,02:18:35,-07:00,2025-05-09T02:18:35-07:00,0,58
style.css,174,css,fffb7953,Jesse Huang,2025-05-09,02:18:35,-07:00,2025-05-09T02:18:35-07:00,0,19
style.css,175,css,fffb7953,Jesse Huang,2025-05-09,02:18:35,-07:00,2025-05-09T02:18:35-07:00,0,12
style.css,176,css,fffb7953,Jesse Huang,2025-05-09,02:18:35,-07:00,2025-05-09T02:18:35-07:00,0,17
style.css,177,css,fffb7953,Jesse Huang,2025-05-09,02:18:35,-07:00,2025-05-09T02:18:35-07:00,0,22
style.css,178,css,fffb7953,Jesse Huang,2025-05-09,02:18:35,-07:00,2025-05-09T02:18:35-07:00,0,18
style.css,179,css,fffb7953,Jesse Huang,2025-05-09,02:18:35,-07:00,2025-05-09T02:18:35-07:00,0,8
style.css,180,css,fffb7953,Jesse Huang,2025-05-09,02:18:35,-07:00,2025-05-09T02:18:35-07:00,0,0
style.css,181,css,fffb7953,Jesse Huang,2025-05-09,02:18:35,-07:00,2025-05-09T02:18:35-07:00,0,0
style.css,182,css,fffb7953,Jesse Huang,2025-05-09,02:18:35,-07:00,2025-05-09T02:18:35-07:00,0,11
style.css,183,css,fffb7953,Jesse Huang,2025-05-09,02:18:35,-07:00,2025-05-09T02:18:35-07:00,0,39
style.css,184,css,fffb7953,Jesse Huang,2025-05-09,02:18:35,-07:00,2025-05-09T02:18:35-07:00,0,39
style.css,185,css,fffb7953,Jesse Huang,2025-05-09,02:18:35,-07:00,2025-05-09T02:18:35-07:00,0,46
style.css,186,css,fffb7953,Jesse Huang,2025-05-09,02:18:35,-07:00,2025-05-09T02:18:35-07:00,0,0
style.css,187,css,fffb7953,Jesse Huang,2025-05-09,02:18:35,-07:00,2025-05-09T02:18:35-07:00,0,11
style.css,188,css,fffb7953,Jesse Huang,2025-05-09,02:18:35,-07:00,2025-05-09T02:18:35-07:00,0,13
style.css,189,css,fffb7953,Jesse Huang,2025-05-09,02:18:35,-07:00,2025-05-09T02:18:35-07:00,0,19
style.css,190,css,fffb7953,Jesse Huang,2025-05-09,02:18:35,-07:00,2025-05-09T02:18:35-07:00,0,21
style.css,191,css,fffb7953,Jesse Huang,2025-05-09,02:18:35,-07:00,2025-05-09T02:18:35-07:00,0,10
style.css,192,css,fffb7953,Jesse Huang,2025-05-09,02:18:35,-07:00,2025-05-09T02:18:35-07:00,0,0
style.css,193,css,fffb7953,Jesse Huang,2025-05-09,02:18:35,-07:00,2025-05-09T02:18:35-07:00,0,0
style.css,194,css,fffb7953,Jesse Huang,2025-05-09,02:18:35,-07:00,2025-05-09T02:18:35-07:00,0,8
style.css,195,css,fffb7953,Jesse Huang,2025-05-09,02:18:35,-07:00,2025-05-09T02:18:35-07:00,0,11
style.css,196,css,fffb7953,Jesse Huang,2025-05-09,02:18:35,-07:00,2025-05-09T02:18:35-07:00,0,11
style.css,197,css,fffb7953,Jesse Huang,2025-05-09,02:18:35,-07:00,2025-05-09T02:18:35-07:00,0,12
style.css,198,css,fffb7953,Jesse Huang,2025-05-09,02:18:35,-07:00,2025-05-09T02:18:35-07:00,0,30
style.css,199,css,fffb7953,Jesse Huang,2025-05-09,02:18:35,-07:00,2025-05-09T02:18:35-07:00,0,56
style.css,200,css,fffb7953,Jesse Huang,2025-05-09,02:18:35,-07:00,2025-05-09T02:18:35-07:00,0,0
style.css,201,css,fffb7953,Jesse Huang,2025-05-09,02:18:35,-07:00,2025-05-09T02:18:35-07:00,0,0
style.css,202,css,fffb7953,Jesse Huang,2025-05-09,02:18:35,-07:00,2025-05-09T02:18:35-07:00,0,11
style.css,203,css,fffb7953,Jesse Huang,2025-05-09,02:18:35,-07:00,2025-05-09T02:18:35-07:00,0,13
style.css,204,css,fffb7953,Jesse Huang,2025-05-09,02:18:35,-07:00,2025-05-09T02:18:35-07:00,0,30
style.css,205,css,fffb7953,Jesse Huang,2025-05-09,02:18:35,-07:00,2025-05-09T02:18:35-07:00,0,61
style.css,206,css,fffb7953,Jesse Huang,2025-05-09,02:18:35,-07:00,2025-05-09T02:18:35-07:00,0,63
style.css,207,css,fffb7953,Jesse Huang,2025-05-09,02:18:35,-07:00,2025-05-09T02:18:35-07:00,0,0
style.css,208,css,fffb7953,Jesse Huang,2025-05-09,02:18:35,-07:00,2025-05-09T02:18:35-07:00,0,0
style.css,209,css,fffb7953,Jesse Huang,2025-05-09,02:18:35,-07:00,2025-05-09T02:18:35-07:00,0,8
style.css,210,css,fffb7953,Jesse Huang,2025-05-09,02:18:35,-07:00,2025-05-09T02:18:35-07:00,0,13
style.css,211,css,fffb7953,Jesse Huang,2025-05-09,02:18:35,-07:00,2025-05-09T02:18:35-07:00,0,19
style.css,212,css,fffb7953,Jesse Huang,2025-05-09,02:18:35,-07:00,2025-05-09T02:18:35-07:00,0,10
style.css,213,css,fffb7953,Jesse Huang,2025-05-09,02:18:35,-07:00,2025-05-09T02:18:35-07:00,0,0
style.css,214,css,fffb7953,Jesse Huang,2025-05-09,02:18:35,-07:00,2025-05-09T02:18:35-07:00,0,0
style.css,215,css,fffb7953,Jesse Huang,2025-05-09,02:18:35,-07:00,2025-05-09T02:18:35-07:00,0,85
style.css,216,css,fffb7953,Jesse Huang,2025-05-09,02:18:35,-07:00,2025-05-09T02:18:35-07:00,0,86
style.css,217,css,fffb7953,Jesse Huang,2025-05-09,02:18:35,-07:00,2025-05-09T02:18:35-07:00,0,12
style.css,218,css,fffb7953,Jesse Huang,2025-05-09,02:18:35,-07:00,2025-05-09T02:18:35-07:00,0,0
style.css,219,css,fffb7953,Jesse Huang,2025-05-09,02:18:35,-07:00,2025-05-09T02:18:35-07:00,0,0
style.css,220,css,fffb7953,Jesse Huang,2025-05-09,02:18:35,-07:00,2025-05-09T02:18:35-07:00,0,0
style.css,221,css,fffb7953,Jesse Huang,2025-05-09,02:18:35,-07:00,2025-05-09T02:18:35-07:00,0,5
style.css,222,css,fffb7953,Jesse Huang,2025-05-09,02:18:35,-07:00,2025-05-09T02:18:35-07:00,0,17
style.css,223,css,fffb7953,Jesse Huang,2025-05-09,02:18:35,-07:00,2025-05-09T02:18:35-07:00,0,15
style.css,224,css,fffb7953,Jesse Huang,2025-05-09,02:18:35,-07:00,2025-05-09T02:18:35-07:00,0,0
style.css,225,css,fffb7953,Jesse Huang,2025-05-09,02:18:35,-07:00,2025-05-09T02:18:35-07:00,0,0
style.css,226,css,fffb7953,Jesse Huang,2025-05-09,02:18:35,-07:00,2025-05-09T02:18:35-07:00,0,10
style.css,227,css,fffb7953,Jesse Huang,2025-05-09,02:18:35,-07:00,2025-05-09T02:18:35-07:00,0,65
style.css,228,css,fffb7953,Jesse Huang,2025-05-09,02:18:35,-07:00,2025-05-09T02:18:35-07:00,0,0
style.css,229,css,fffb7953,Jesse Huang,2025-05-09,02:18:35,-07:00,2025-05-09T02:18:35-07:00,0,64
style.css,230,css,fffb7953,Jesse Huang,2025-05-09,02:18:35,-07:00,2025-05-09T02:18:35-07:00,0,18
style.css,231,css,fffb7953,Jesse Huang,2025-05-09,02:18:35,-07:00,2025-05-09T02:18:35-07:00,0,0
style.css,232,css,b850fa18,Jesse Huang,2025-04-19,14:43:00,-07:00,2025-04-19T14:43:00-07:00,0,0
index.js,1,js,fffb7953,Jesse Huang,2025-05-09,02:18:35,-07:00,2025-05-09T02:18:35-07:00,0,93
index.js,2,js,fffb7953,Jesse Huang,2025-05-09,02:18:35,-07:00,2025-05-09T02:18:35-07:00,0,72
index.js,3,js,fffb7953,Jesse Huang,2025-05-09,02:18:35,-07:00,2025-05-09T02:18:35-07:00,0,0
index.js,4,js,fffb7953,Jesse Huang,2025-05-09,02:18:35,-07:00,2025-05-09T02:18:35-07:00,0,55
index.js,5,js,fffb7953,Jesse Huang,2025-05-09,02:18:35,-07:00,2025-05-09T02:18:35-07:00,0,78
index.js,6,js,fffb7953,Jesse Huang,2025-05-09,02:18:35,-07:00,2025-05-09T02:18:35-07:00,0,61
index.js,7,js,fffb7953,Jesse Huang,2025-05-09,02:18:35,-07:00,2025-05-09T02:18:35-07:00,0,0
index.js,8,js,fffb7953,Jesse Huang,2025-05-09,02:18:35,-07:00,2025-05-09T02:18:35-07:00,0,55
index.js,9,js,fffb7953,Jesse Huang,2025-05-09,02:18:35,-07:00,2025-05-09T02:18:35-07:00,0,0
index.js,10,js,fffb7953,Jesse Huang,2025-05-09,02:18:35,-07:00,2025-05-09T02:18:35-07:00,0,121
index.js,11,js,fffb7953,Jesse Huang,2025-05-09,02:18:35,-07:00,2025-05-09T02:18:35-07:00,0,26
index.js,12,js,fffb7953,Jesse Huang,2025-05-09,02:18:35,-07:00,2025-05-09T02:18:35-07:00,0,0
index.js,13,js,fffb7953,Jesse Huang,2025-05-09,02:18:35,-07:00,2025-05-09T02:18:35-07:00,0,61
index.js,14,js,fffb7953,Jesse Huang,2025-05-09,02:18:35,-07:00,2025-05-09T02:18:35-07:00,0,0
index.js,15,js,fffb7953,Jesse Huang,2025-05-09,02:18:35,-07:00,2025-05-09T02:18:35-07:00,0,18
index.js,16,js,fffb7953,Jesse Huang,2025-05-09,02:18:35,-07:00,2025-05-09T02:18:35-07:00,0,73
index.js,17,js,fffb7953,Jesse Huang,2025-05-09,02:18:35,-07:00,2025-05-09T02:18:35-07:00,0,57
index.js,18,js,fffb7953,Jesse Huang,2025-05-09,02:18:35,-07:00,2025-05-09T02:18:35-07:00,0,79
index.js,19,js,fffb7953,Jesse Huang,2025-05-09,02:18:35,-07:00,2025-05-09T02:18:35-07:00,0,24
index.js,20,js,fffb7953,Jesse Huang,2025-05-09,02:18:35,-07:00,2025-05-09T02:18:35-07:00,0,26
index.js,21,js,fffb7953,Jesse Huang,2025-05-09,02:18:35,-07:00,2025-05-09T02:18:35-07:00,0,25
index.js,22,js,fffb7953,Jesse Huang,2025-05-09,02:18:35,-07:00,2025-05-09T02:18:35-07:00,0,3
index.js,23,js,fffb7953,Jesse Huang,2025-05-09,02:18:35,-07:00,2025-05-09T02:18:35-07:00,0,56
index.js,24,js,fffb7953,Jesse Huang,2025-05-09,02:18:35,-07:00,2025-05-09T02:18:35-07:00,0,56
index.js,25,js,fffb7953,Jesse Huang,2025-05-09,02:18:35,-07:00,2025-05-09T02:18:35-07:00,0,50
index.js,26,js,fffb7953,Jesse Huang,2025-05-09,02:18:35,-07:00,2025-05-09T02:18:35-07:00,0,50
index.js,27,js,fffb7953,Jesse Huang,2025-05-09,02:18:35,-07:00,2025-05-09T02:18:35-07:00,0,4
index.js,28,js,fffb7953,Jesse Huang,2025-05-09,02:18:35,-07:00,2025-05-09T02:18:35-07:00,0,1
index.js,29,js,fffb7953,Jesse Huang,2025-05-09,02:18:35,-07:00,2025-05-09T02:18:35-07:00,0,1
index.html,1,html,56e88fa9,Jesse Huang,2025-04-04,14:11:23,-07:00,2025-04-04T14:11:23-07:00,0,14
index.html,2,html,56e88fa9,Jesse Huang,2025-04-04,14:11:23,-07:00,2025-04-04T14:11:23-07:00,0,15
index.html,3,html,56e88fa9,Jesse Huang,2025-04-04,14:11:23,-07:00,2025-04-04T14:11:23-07:00,0,5
index.html,4,html,56e88fa9,Jesse Huang,2025-04-04,14:11:23,-07:00,2025-04-04T14:11:23-07:00,0,21
index.html,5,html,56e88fa9,Jesse Huang,2025-04-04,14:11:23,-07:00,2025-04-04T14:11:23-07:00,0,69
index.html,6,html,56e88fa9,Jesse Huang,2025-04-04,14:11:23,-07:00,2025-04-04T14:11:23-07:00,0,54
index.html,7,html,4bb04a90,Jesse Huang,2025-04-04,15:05:07,-07:00,2025-04-04T15:05:07-07:00,0,0
index.html,8,html,4bb04a90,Jesse Huang,2025-04-04,15:05:07,-07:00,2025-04-04T15:05:07-07:00,0,39
index.html,9,html,56e88fa9,Jesse Huang,2025-04-04,14:11:23,-07:00,2025-04-04T14:11:23-07:00,0,6
index.html,10,html,56e88fa9,Jesse Huang,2025-04-04,14:11:23,-07:00,2025-04-04T14:11:23-07:00,0,0
index.html,11,html,56e88fa9,Jesse Huang,2025-04-04,14:11:23,-07:00,2025-04-04T14:11:23-07:00,0,5
index.html,12,html,4bb04a90,Jesse Huang,2025-04-04,15:05:07,-07:00,2025-04-04T15:05:07-07:00,0,13
index.html,13,html,b850fa18,Jesse Huang,2025-04-19,14:43:00,-07:00,2025-04-19T14:43:00-07:00,0,9
index.html,14,html,b850fa18,Jesse Huang,2025-04-19,14:43:00,-07:00,2025-04-19T14:43:00-07:00,0,28
index.html,15,html,63f0fc9c,Jesse Huang,2025-04-04,23:57:40,-07:00,2025-04-04T23:57:40-07:00,0,41
index.html,16,html,63f0fc9c,Jesse Huang,2025-04-04,23:57:40,-07:00,2025-04-04T23:57:40-07:00,0,39
index.html,17,html,63f0fc9c,Jesse Huang,2025-04-04,23:57:40,-07:00,2025-04-04T23:57:40-07:00,0,29
index.html,18,html,63f0fc9c,Jesse Huang,2025-04-04,23:57:40,-07:00,2025-04-04T23:57:40-07:00,0,62
index.html,19,html,b850fa18,Jesse Huang,2025-04-19,14:43:00,-07:00,2025-04-19T14:43:00-07:00,0,9
index.html,20,html,4bb04a90,Jesse Huang,2025-04-04,15:05:07,-07:00,2025-04-04T15:05:07-07:00,0,0
index.html,21,html,fffb7953,Jesse Huang,2025-05-09,02:18:35,-07:00,2025-05-09T02:18:35-07:00,0,19
index.html,22,html,fffb7953,Jesse Huang,2025-05-09,02:18:35,-07:00,2025-05-09T02:18:35-07:00,0,23
index.html,23,html,fffb7953,Jesse Huang,2025-05-09,02:18:35,-07:00,2025-05-09T02:18:35-07:00,0,0
index.html,24,html,fffb7953,Jesse Huang,2025-05-09,02:18:35,-07:00,2025-05-09T02:18:35-07:00,0,2
index.html,25,html,fffb7953,Jesse Huang,2025-05-09,02:18:35,-07:00,2025-05-09T02:18:35-07:00,0,96
index.html,26,html,fffb7953,Jesse Huang,2025-05-09,02:18:35,-07:00,2025-05-09T02:18:35-07:00,0,84
index.html,27,html,fffb7953,Jesse Huang,2025-05-09,02:18:35,-07:00,2025-05-09T02:18:35-07:00,0,3
index.html,28,html,56e88fa9,Jesse Huang,2025-04-04,14:11:23,-07:00,2025-04-04T14:11:23-07:00,0,0
index.html,29,html,fffb7953,Jesse Huang,2025-05-09,02:18:35,-07:00,2025-05-09T02:18:35-07:00,0,89
index.html,30,html,fffb7953,Jesse Huang,2025-05-09,02:18:35,-07:00,2025-05-09T02:18:35-07:00,0,0
index.html,31,html,fffb7953,Jesse Huang,2025-05-09,02:18:35,-07:00,2025-05-09T02:18:35-07:00,0,29
index.html,32,html,fffb7953,Jesse Huang,2025-05-09,02:18:35,-07:00,2025-05-09T02:18:35-07:00,0,23
index.html,33,html,fffb7953,Jesse Huang,2025-05-09,02:18:35,-07:00,2025-05-09T02:18:35-07:00,0,27
index.html,34,html,fffb7953,Jesse Huang,2025-05-09,02:18:35,-07:00,2025-05-09T02:18:35-07:00,0,5
index.html,35,html,fffb7953,Jesse Huang,2025-05-09,02:18:35,-07:00,2025-05-09T02:18:35-07:00,0,0
index.html,36,html,fffb7953,Jesse Huang,2025-05-09,02:18:35,-07:00,2025-05-09T02:18:35-07:00,0,32
index.html,37,html,fffb7953,Jesse Huang,2025-05-09,02:18:35,-07:00,2025-05-09T02:18:35-07:00,0,23
index.html,38,html,fffb7953,Jesse Huang,2025-05-09,02:18:35,-07:00,2025-05-09T02:18:35-07:00,0,29
index.html,39,html,fffb7953,Jesse Huang,2025-05-09,02:18:35,-07:00,2025-05-09T02:18:35-07:00,0,5
index.html,40,html,fffb7953,Jesse Huang,2025-05-09,02:18:35,-07:00,2025-05-09T02:18:35-07:00,0,0
index.html,41,html,fffb7953,Jesse Huang,2025-05-09,02:18:35,-07:00,2025-05-09T02:18:35-07:00,0,5
index.html,42,html,63f0fc9c,Jesse Huang,2025-04-04,23:57:40,-07:00,2025-04-04T23:57:40-07:00,0,0
index.html,43,html,b850fa18,Jesse Huang,2025-04-19,14:43:00,-07:00,2025-04-19T14:43:00-07:00,0,25
index.html,44,html,b850fa18,Jesse Huang,2025-04-19,14:43:00,-07:00,2025-04-19T14:43:00-07:00,0,46
index.html,45,html,fffb7953,Jesse Huang,2025-05-09,02:18:35,-07:00,2025-05-09T02:18:35-07:00,0,51
index.html,46,html,fffb7953,Jesse Huang,2025-05-09,02:18:35,-07:00,2025-05-09T02:18:35-07:00,0,89
index.html,47,html,fffb7953,Jesse Huang,2025-05-09,02:18:35,-07:00,2025-05-09T02:18:35-07:00,0,112
index.html,48,html,56e88fa9,Jesse Huang,2025-04-04,14:11:23,-07:00,2025-04-04T14:11:23-07:00,0,6
index.html,49,html,56e88fa9,Jesse Huang,2025-04-04,14:11:23,-07:00,2025-04-04T14:11:23-07:00,0,6
global.js,1,js,b850fa18,Jesse Huang,2025-04-19,14:43:00,-07:00,2025-04-19T14:43:00-07:00,0,26
global.js,2,js,b850fa18,Jesse Huang,2025-04-19,14:43:00,-07:00,2025-04-19T14:43:00-07:00,0,0
global.js,3,js,b850fa18,Jesse Huang,2025-04-19,14:43:00,-07:00,2025-04-19T14:43:00-07:00,0,69
global.js,4,js,b850fa18,Jesse Huang,2025-04-19,14:43:00,-07:00,2025-04-19T14:43:00-07:00,0,53
global.js,5,js,b850fa18,Jesse Huang,2025-04-19,14:43:00,-07:00,2025-04-19T14:43:00-07:00,0,0
global.js,6,js,b850fa18,Jesse Huang,2025-04-19,14:43:00,-07:00,2025-04-19T14:43:00-07:00,0,0
global.js,7,js,b850fa18,Jesse Huang,2025-04-19,14:43:00,-07:00,2025-04-19T14:43:00-07:00,0,49
global.js,8,js,b850fa18,Jesse Huang,2025-04-19,14:43:00,-07:00,2025-04-19T14:43:00-07:00,0,0
global.js,9,js,b850fa18,Jesse Huang,2025-04-19,14:43:00,-07:00,2025-04-19T14:43:00-07:00,0,74
global.js,10,js,b850fa18,Jesse Huang,2025-04-19,14:43:00,-07:00,2025-04-19T14:43:00-07:00,0,0
global.js,11,js,b850fa18,Jesse Huang,2025-04-19,14:43:00,-07:00,2025-04-19T14:43:00-07:00,0,93
global.js,12,js,b850fa18,Jesse Huang,2025-04-19,14:43:00,-07:00,2025-04-19T14:43:00-07:00,0,66
global.js,13,js,b850fa18,Jesse Huang,2025-04-19,14:43:00,-07:00,2025-04-19T14:43:00-07:00,0,10
global.js,14,js,b850fa18,Jesse Huang,2025-04-19,14:43:00,-07:00,2025-04-19T14:43:00-07:00,0,82
global.js,15,js,b850fa18,Jesse Huang,2025-04-19,14:43:00,-07:00,2025-04-19T14:43:00-07:00,0,4
global.js,16,js,b850fa18,Jesse Huang,2025-04-19,14:43:00,-07:00,2025-04-19T14:43:00-07:00,0,0
global.js,17,js,b850fa18,Jesse Huang,2025-04-19,14:43:00,-07:00,2025-04-19T14:43:00-07:00,0,79
global.js,18,js,b850fa18,Jesse Huang,2025-04-19,14:43:00,-07:00,2025-04-19T14:43:00-07:00,0,0
global.js,19,js,b850fa18,Jesse Huang,2025-04-19,14:43:00,-07:00,2025-04-19T14:43:00-07:00,0,43
global.js,20,js,b850fa18,Jesse Huang,2025-04-19,14:43:00,-07:00,2025-04-19T14:43:00-07:00,0,54
global.js,21,js,b850fa18,Jesse Huang,2025-04-19,14:43:00,-07:00,2025-04-19T14:43:00-07:00,0,47
global.js,22,js,b850fa18,Jesse Huang,2025-04-19,14:43:00,-07:00,2025-04-19T14:43:00-07:00,0,0
global.js,23,js,b850fa18,Jesse Huang,2025-04-19,14:43:00,-07:00,2025-04-19T14:43:00-07:00,0,1
global.js,24,js,b850fa18,Jesse Huang,2025-04-19,14:43:00,-07:00,2025-04-19T14:43:00-07:00,0,0
global.js,25,js,b850fa18,Jesse Huang,2025-04-19,14:43:00,-07:00,2025-04-19T14:43:00-07:00,0,10
global.js,26,js,b850fa18,Jesse Huang,2025-04-19,14:43:00,-07:00,2025-04-19T14:43:00-07:00,0,0
global.js,27,js,b850fa18,Jesse Huang,2025-04-19,14:43:00,-07:00,2025-04-19T14:43:00-07:00,0,28
global.js,28,js,b850fa18,Jesse Huang,2025-04-19,14:43:00,-07:00,2025-04-19T14:43:00-07:00,0,27
global.js,29,js,b850fa18,Jesse Huang,2025-04-19,14:43:00,-07:00,2025-04-19T14:43:00-07:00,0,0
global.js,30,js,b850fa18,Jesse Huang,2025-04-19,14:43:00,-07:00,2025-04-19T14:43:00-07:00,0,0
global.js,31,js,b850fa18,Jesse Huang,2025-04-19,14:43:00,-07:00,2025-04-19T14:43:00-07:00,0,34
global.js,32,js,b850fa18,Jesse Huang,2025-04-19,14:43:00,-07:00,2025-04-19T14:43:00-07:00,0,72
global.js,33,js,b850fa18,Jesse Huang,2025-04-19,14:43:00,-07:00,2025-04-19T14:43:00-07:00,0,4
global.js,34,js,b850fa18,Jesse Huang,2025-04-19,14:43:00,-07:00,2025-04-19T14:43:00-07:00,0,30
global.js,35,js,b850fa18,Jesse Huang,2025-04-19,14:43:00,-07:00,2025-04-19T14:43:00-07:00,0,0
global.js,36,js,b850fa18,Jesse Huang,2025-04-19,14:43:00,-07:00,2025-04-19T14:43:00-07:00,0,20
global.js,37,js,b850fa18,Jesse Huang,2025-04-19,14:43:00,-07:00,2025-04-19T14:43:00-07:00,0,40
global.js,38,js,b850fa18,Jesse Huang,2025-04-19,14:43:00,-07:00,2025-04-19T14:43:00-07:00,0,94
global.js,39,js,b850fa18,Jesse Huang,2025-04-19,14:43:00,-07:00,2025-04-19T14:43:00-07:00,0,3
global.js,40,js,b850fa18,Jesse Huang,2025-04-19,14:43:00,-07:00,2025-04-19T14:43:00-07:00,0,0
global.js,41,js,b850fa18,Jesse Huang,2025-04-19,14:43:00,-07:00,2025-04-19T14:43:00-07:00,0,12
global.js,42,js,b850fa18,Jesse Huang,2025-04-19,14:43:00,-07:00,2025-04-19T14:43:00-07:00,0,36
global.js,43,js,b850fa18,Jesse Huang,2025-04-19,14:43:00,-07:00,2025-04-19T14:43:00-07:00,0,49
global.js,44,js,b850fa18,Jesse Huang,2025-04-19,14:43:00,-07:00,2025-04-19T14:43:00-07:00,0,47
global.js,45,js,b850fa18,Jesse Huang,2025-04-19,14:43:00,-07:00,2025-04-19T14:43:00-07:00,0,37
global.js,46,js,00000000,Not Committed Yet,2025-05-09,02:59:19,-07:00,2025-05-09T02:59:19-07:00,0,41
global.js,47,js,b850fa18,Jesse Huang,2025-04-19,14:43:00,-07:00,2025-04-19T14:43:00-07:00,0,54
global.js,48,js,b850fa18,Jesse Huang,2025-04-19,14:43:00,-07:00,2025-04-19T14:43:00-07:00,0,1
global.js,49,js,b850fa18,Jesse Huang,2025-04-19,14:43:00,-07:00,2025-04-19T14:43:00-07:00,0,0
global.js,50,js,b850fa18,Jesse Huang,2025-04-19,14:43:00,-07:00,2025-04-19T14:43:00-07:00,0,39
global.js,51,js,b850fa18,Jesse Huang,2025-04-19,14:43:00,-07:00,2025-04-19T14:43:00-07:00,0,26
global.js,52,js,b850fa18,Jesse Huang,2025-04-19,14:43:00,-07:00,2025-04-19T14:43:00-07:00,0,0
global.js,53,js,b850fa18,Jesse Huang,2025-04-19,14:43:00,-07:00,2025-04-19T14:43:00-07:00,0,89
global.js,54,js,b850fa18,Jesse Huang,2025-04-19,14:43:00,-07:00,2025-04-19T14:43:00-07:00,0,66
global.js,55,js,b850fa18,Jesse Huang,2025-04-19,14:43:00,-07:00,2025-04-19T14:43:00-07:00,0,84
global.js,56,js,b850fa18,Jesse Huang,2025-04-19,14:43:00,-07:00,2025-04-19T14:43:00-07:00,0,0
global.js,57,js,b850fa18,Jesse Huang,2025-04-19,14:43:00,-07:00,2025-04-19T14:43:00-07:00,0,21
global.js,58,js,b850fa18,Jesse Huang,2025-04-19,14:43:00,-07:00,2025-04-19T14:43:00-07:00,0,15
global.js,59,js,b850fa18,Jesse Huang,2025-04-19,14:43:00,-07:00,2025-04-19T14:43:00-07:00,0,128
global.js,60,js,b850fa18,Jesse Huang,2025-04-19,14:43:00,-07:00,2025-04-19T14:43:00-07:00,0,19
global.js,61,js,b850fa18,Jesse Huang,2025-04-19,14:43:00,-07:00,2025-04-19T14:43:00-07:00,0,0
global.js,62,js,b850fa18,Jesse Huang,2025-04-19,14:43:00,-07:00,2025-04-19T14:43:00-07:00,0,19
global.js,63,js,b850fa18,Jesse Huang,2025-04-19,14:43:00,-07:00,2025-04-19T14:43:00-07:00,0,0
global.js,64,js,b850fa18,Jesse Huang,2025-04-19,14:43:00,-07:00,2025-04-19T14:43:00-07:00,0,31
global.js,65,js,b850fa18,Jesse Huang,2025-04-19,14:43:00,-07:00,2025-04-19T14:43:00-07:00,0,35
global.js,66,js,b850fa18,Jesse Huang,2025-04-19,14:43:00,-07:00,2025-04-19T14:43:00-07:00,0,12
global.js,67,js,b850fa18,Jesse Huang,2025-04-19,14:43:00,-07:00,2025-04-19T14:43:00-07:00,0,21
global.js,68,js,b850fa18,Jesse Huang,2025-04-19,14:43:00,-07:00,2025-04-19T14:43:00-07:00,0,0
global.js,69,js,b850fa18,Jesse Huang,2025-04-19,14:43:00,-07:00,2025-04-19T14:43:00-07:00,0,69
global.js,70,js,b850fa18,Jesse Huang,2025-04-19,14:43:00,-07:00,2025-04-19T14:43:00-07:00,0,31
global.js,71,js,b850fa18,Jesse Huang,2025-04-19,14:43:00,-07:00,2025-04-19T14:43:00-07:00,0,3
global.js,72,js,b850fa18,Jesse Huang,2025-04-19,14:43:00,-07:00,2025-04-19T14:43:00-07:00,0,0
global.js,73,js,b850fa18,Jesse Huang,2025-04-19,14:43:00,-07:00,2025-04-19T14:43:00-07:00,0,18
global.js,74,js,b850fa18,Jesse Huang,2025-04-19,14:43:00,-07:00,2025-04-19T14:43:00-07:00,0,9
global.js,75,js,b850fa18,Jesse Huang,2025-04-19,14:43:00,-07:00,2025-04-19T14:43:00-07:00,0,60
global.js,76,js,b850fa18,Jesse Huang,2025-04-19,14:43:00,-07:00,2025-04-19T14:43:00-07:00,0,1
global.js,77,js,b850fa18,Jesse Huang,2025-04-19,14:43:00,-07:00,2025-04-19T14:43:00-07:00,0,0
global.js,78,js,b850fa18,Jesse Huang,2025-04-19,14:43:00,-07:00,2025-04-19T14:43:00-07:00,0,28
global.js,79,js,b850fa18,Jesse Huang,2025-04-19,14:43:00,-07:00,2025-04-19T14:43:00-07:00,0,33
global.js,80,js,b850fa18,Jesse Huang,2025-04-19,14:43:00,-07:00,2025-04-19T14:43:00-07:00,0,1
global.js,81,js,b850fa18,Jesse Huang,2025-04-19,14:43:00,-07:00,2025-04-19T14:43:00-07:00,0,0
global.js,82,js,b850fa18,Jesse Huang,2025-04-19,14:43:00,-07:00,2025-04-19T14:43:00-07:00,0,13
global.js,83,js,b850fa18,Jesse Huang,2025-04-19,14:43:00,-07:00,2025-04-19T14:43:00-07:00,0,1
global.js,84,js,b850fa18,Jesse Huang,2025-04-19,14:43:00,-07:00,2025-04-19T14:43:00-07:00,0,0
global.js,85,js,b850fa18,Jesse Huang,2025-04-19,14:43:00,-07:00,2025-04-19T14:43:00-07:00,0,32
global.js,86,js,b850fa18,Jesse Huang,2025-04-19,14:43:00,-07:00,2025-04-19T14:43:00-07:00,0,12
global.js,87,js,b850fa18,Jesse Huang,2025-04-19,14:43:00,-07:00,2025-04-19T14:43:00-07:00,0,0
global.js,88,js,b850fa18,Jesse Huang,2025-04-19,14:43:00,-07:00,2025-04-19T14:43:00-07:00,0,25
global.js,89,js,b850fa18,Jesse Huang,2025-04-19,14:43:00,-07:00,2025-04-19T14:43:00-07:00,0,6
global.js,90,js,b850fa18,Jesse Huang,2025-04-19,14:43:00,-07:00,2025-04-19T14:43:00-07:00,0,5
global.js,91,js,b850fa18,Jesse Huang,2025-04-19,14:43:00,-07:00,2025-04-19T14:43:00-07:00,0,22
global.js,92,js,b850fa18,Jesse Huang,2025-04-19,14:43:00,-07:00,2025-04-19T14:43:00-07:00,0,23
global.js,93,js,b850fa18,Jesse Huang,2025-04-19,14:43:00,-07:00,2025-04-19T14:43:00-07:00,0,21
global.js,94,js,b850fa18,Jesse Huang,2025-04-19,14:43:00,-07:00,2025-04-19T14:43:00-07:00,0,20
global.js,95,js,b850fa18,Jesse Huang,2025-04-19,14:43:00,-07:00,2025-04-19T14:43:00-07:00,0,8
global.js,96,js,b850fa18,Jesse Huang,2025-04-19,14:43:00,-07:00,2025-04-19T14:43:00-07:00,0,7
global.js,97,js,b850fa18,Jesse Huang,2025-04-19,14:43:00,-07:00,2025-04-19T14:43:00-07:00,0,5
global.js,98,js,b850fa18,Jesse Huang,2025-04-19,14:43:00,-07:00,2025-04-19T14:43:00-07:00,0,0
global.js,99,js,b850fa18,Jesse Huang,2025-04-19,14:43:00,-07:00,2025-04-19T14:43:00-07:00,0,1
global.js,100,js,b850fa18,Jesse Huang,2025-04-19,14:43:00,-07:00,2025-04-19T14:43:00-07:00,0,0
global.js,101,js,b850fa18,Jesse Huang,2025-04-19,14:43:00,-07:00,2025-04-19T14:43:00-07:00,0,40
global.js,102,js,b850fa18,Jesse Huang,2025-04-19,14:43:00,-07:00,2025-04-19T14:43:00-07:00,0,16
global.js,103,js,fffb7953,Jesse Huang,2025-05-09,02:18:35,-07:00,2025-05-09T02:18:35-07:00,0,49
global.js,104,js,b850fa18,Jesse Huang,2025-04-19,14:43:00,-07:00,2025-04-19T14:43:00-07:00,0,0
global.js,105,js,b850fa18,Jesse Huang,2025-04-19,14:43:00,-07:00,2025-04-19T14:43:00-07:00,0,39
global.js,106,js,b850fa18,Jesse Huang,2025-04-19,14:43:00,-07:00,2025-04-19T14:43:00-07:00,0,30
global.js,107,js,b850fa18,Jesse Huang,2025-04-19,14:43:00,-07:00,2025-04-19T14:43:00-07:00,0,68
global.js,108,js,b850fa18,Jesse Huang,2025-04-19,14:43:00,-07:00,2025-04-19T14:43:00-07:00,0,0
global.js,109,js,b850fa18,Jesse Huang,2025-04-19,14:43:00,-07:00,2025-04-19T14:43:00-07:00,0,25
global.js,110,js,b850fa18,Jesse Huang,2025-04-19,14:43:00,-07:00,2025-04-19T14:43:00-07:00,0,51
global.js,111,js,b850fa18,Jesse Huang,2025-04-19,14:43:00,-07:00,2025-04-19T14:43:00-07:00,0,37
global.js,112,js,b850fa18,Jesse Huang,2025-04-19,14:43:00,-07:00,2025-04-19T14:43:00-07:00,0,39
global.js,113,js,b850fa18,Jesse Huang,2025-04-19,14:43:00,-07:00,2025-04-19T14:43:00-07:00,0,0
global.js,114,js,b850fa18,Jesse Huang,2025-04-19,14:43:00,-07:00,2025-04-19T14:43:00-07:00,0,7
global.js,115,js,b850fa18,Jesse Huang,2025-04-19,14:43:00,-07:00,2025-04-19T14:43:00-07:00,0,37
global.js,116,js,b850fa18,Jesse Huang,2025-04-19,14:43:00,-07:00,2025-04-19T14:43:00-07:00,0,39
global.js,117,js,b850fa18,Jesse Huang,2025-04-19,14:43:00,-07:00,2025-04-19T14:43:00-07:00,0,0
global.js,118,js,b850fa18,Jesse Huang,2025-04-19,14:43:00,-07:00,2025-04-19T14:43:00-07:00,0,0
global.js,119,js,b850fa18,Jesse Huang,2025-04-19,14:43:00,-07:00,2025-04-19T14:43:00-07:00,0,1
global.js,120,js,b850fa18,Jesse Huang,2025-04-19,14:43:00,-07:00,2025-04-19T14:43:00-07:00,0,0
global.js,121,js,b850fa18,Jesse Huang,2025-04-19,14:43:00,-07:00,2025-04-19T14:43:00-07:00,0,27
global.js,122,js,b850fa18,Jesse Huang,2025-04-19,14:43:00,-07:00,2025-04-19T14:43:00-07:00,0,13
global.js,123,js,b850fa18,Jesse Huang,2025-04-19,14:43:00,-07:00,2025-04-19T14:43:00-07:00,0,24
global.js,124,js,b850fa18,Jesse Huang,2025-04-19,14:43:00,-07:00,2025-04-19T14:43:00-07:00,0,79
global.js,125,js,b850fa18,Jesse Huang,2025-04-19,14:43:00,-07:00,2025-04-19T14:43:00-07:00,0,7
global.js,126,js,b850fa18,Jesse Huang,2025-04-19,14:43:00,-07:00,2025-04-19T14:43:00-07:00,0,31
global.js,127,js,b850fa18,Jesse Huang,2025-04-19,14:43:00,-07:00,2025-04-19T14:43:00-07:00,0,0
global.js,128,js,b850fa18,Jesse Huang,2025-04-19,14:43:00,-07:00,2025-04-19T14:43:00-07:00,0,29
global.js,129,js,b850fa18,Jesse Huang,2025-04-19,14:43:00,-07:00,2025-04-19T14:43:00-07:00,0,16
global.js,130,js,b850fa18,Jesse Huang,2025-04-19,14:43:00,-07:00,2025-04-19T14:43:00-07:00,0,1
global.js,131,js,b850fa18,Jesse Huang,2025-04-19,14:43:00,-07:00,2025-04-19T14:43:00-07:00,0,0
global.js,132,js,b850fa18,Jesse Huang,2025-04-19,14:43:00,-07:00,2025-04-19T14:43:00-07:00,0,49
global.js,133,js,b850fa18,Jesse Huang,2025-04-19,14:43:00,-07:00,2025-04-19T14:43:00-07:00,0,0
global.js,134,js,b850fa18,Jesse Huang,2025-04-19,14:43:00,-07:00,2025-04-19T14:43:00-07:00,0,50
global.js,135,js,fffb7953,Jesse Huang,2025-05-09,02:18:35,-07:00,2025-05-09T02:18:35-07:00,0,136
global.js,136,js,b850fa18,Jesse Huang,2025-04-19,14:43:00,-07:00,2025-04-19T14:43:00-07:00,0,61
global.js,137,js,b850fa18,Jesse Huang,2025-04-19,14:43:00,-07:00,2025-04-19T14:43:00-07:00,0,2
global.js,138,js,b850fa18,Jesse Huang,2025-04-19,14:43:00,-07:00,2025-04-19T14:43:00-07:00,0,0
global.js,139,js,b850fa18,Jesse Huang,2025-04-19,14:43:00,-07:00,2025-04-19T14:43:00-07:00,0,35
global.js,140,js,b850fa18,Jesse Huang,2025-04-19,14:43:00,-07:00,2025-04-19T14:43:00-07:00,0,41
global.js,141,js,b850fa18,Jesse Huang,2025-04-19,14:43:00,-07:00,2025-04-19T14:43:00-07:00,0,152
global.js,142,js,b850fa18,Jesse Huang,2025-04-19,14:43:00,-07:00,2025-04-19T14:43:00-07:00,0,110
global.js,143,js,b850fa18,Jesse Huang,2025-04-19,14:43:00,-07:00,2025-04-19T14:43:00-07:00,0,32
global.js,144,js,b850fa18,Jesse Huang,2025-04-19,14:43:00,-07:00,2025-04-19T14:43:00-07:00,0,1
global.js,145,js,b850fa18,Jesse Huang,2025-04-19,14:43:00,-07:00,2025-04-19T14:43:00-07:00,0,0
global.js,146,js,fffb7953,Jesse Huang,2025-05-09,02:18:35,-07:00,2025-05-09T02:18:35-07:00,0,17
global.js,147,js,fffb7953,Jesse Huang,2025-05-09,02:18:35,-07:00,2025-05-09T02:18:35-07:00,0,0
global.js,148,js,fffb7953,Jesse Huang,2025-05-09,02:18:35,-07:00,2025-05-09T02:18:35-07:00,0,10
global.js,149,js,fffb7953,Jesse Huang,2025-05-09,02:18:35,-07:00,2025-05-09T02:18:35-07:00,0,0
global.js,150,js,fffb7953,Jesse Huang,2025-05-09,02:18:35,-07:00,2025-05-09T02:18:35-07:00,0,127
global.js,151,js,fffb7953,Jesse Huang,2025-05-09,02:18:35,-07:00,2025-05-09T02:18:35-07:00,0,4
global.js,152,js,fffb7953,Jesse Huang,2025-05-09,02:18:35,-07:00,2025-05-09T02:18:35-07:00,0,40
global.js,153,js,fffb7953,Jesse Huang,2025-05-09,02:18:35,-07:00,2025-05-09T02:18:35-07:00,0,33
global.js,154,js,fffb7953,Jesse Huang,2025-05-09,02:18:35,-07:00,2025-05-09T02:18:35-07:00,0,0
global.js,155,js,fffb7953,Jesse Huang,2025-05-09,02:18:35,-07:00,2025-05-09T02:18:35-07:00,0,104
global.js,156,js,fffb7953,Jesse Huang,2025-05-09,02:18:35,-07:00,2025-05-09T02:18:35-07:00,0,67
global.js,157,js,fffb7953,Jesse Huang,2025-05-09,02:18:35,-07:00,2025-05-09T02:18:35-07:00,0,0
global.js,158,js,fffb7953,Jesse Huang,2025-05-09,02:18:35,-07:00,2025-05-09T02:18:35-07:00,0,0
global.js,159,js,fffb7953,Jesse Huang,2025-05-09,02:18:35,-07:00,2025-05-09T02:18:35-07:00,0,24
global.js,160,js,fffb7953,Jesse Huang,2025-05-09,02:18:35,-07:00,2025-05-09T02:18:35-07:00,0,0
global.js,161,js,fffb7953,Jesse Huang,2025-05-09,02:18:35,-07:00,2025-05-09T02:18:35-07:00,0,34
global.js,162,js,fffb7953,Jesse Huang,2025-05-09,02:18:35,-07:00,2025-05-09T02:18:35-07:00,0,11
global.js,163,js,fffb7953,Jesse Huang,2025-05-09,02:18:35,-07:00,2025-05-09T02:18:35-07:00,0,0
global.js,164,js,fffb7953,Jesse Huang,2025-05-09,02:18:35,-07:00,2025-05-09T02:18:35-07:00,0,16
global.js,165,js,fffb7953,Jesse Huang,2025-05-09,02:18:35,-07:00,2025-05-09T02:18:35-07:00,0,76
global.js,166,js,fffb7953,Jesse Huang,2025-05-09,02:18:35,-07:00,2025-05-09T02:18:35-07:00,0,0
global.js,167,js,fffb7953,Jesse Huang,2025-05-09,02:18:35,-07:00,2025-05-09T02:18:35-07:00,0,1
global.js,168,js,fffb7953,Jesse Huang,2025-05-09,02:18:35,-07:00,2025-05-09T02:18:35-07:00,0,0
global.js,169,js,fffb7953,Jesse Huang,2025-05-09,02:18:35,-07:00,2025-05-09T02:18:35-07:00,0,114
global.js,170,js,fffb7953,Jesse Huang,2025-05-09,02:18:35,-07:00,2025-05-09T02:18:35-07:00,0,80
global.js,171,js,fffb7953,Jesse Huang,2025-05-09,02:18:35,-07:00,2025-05-09T02:18:35-07:00,0,30
global.js,172,js,fffb7953,Jesse Huang,2025-05-09,02:18:35,-07:00,2025-05-09T02:18:35-07:00,0,53
global.js,173,js,fffb7953,Jesse Huang,2025-05-09,02:18:35,-07:00,2025-05-09T02:18:35-07:00,0,1
global.js,174,js,fffb7953,Jesse Huang,2025-05-09,02:18:35,-07:00,2025-05-09T02:18:35-07:00,0,0
global.js,175,js,fffb7953,Jesse Huang,2025-05-09,02:18:35,-07:00,2025-05-09T02:18:35-07:00,0,54
global.js,176,js,fffb7953,Jesse Huang,2025-05-09,02:18:35,-07:00,2025-05-09T02:18:35-07:00,0,97
global.js,177,js,fffb7953,Jesse Huang,2025-05-09,02:18:35,-07:00,2025-05-09T02:18:35-07:00,0,1
global.js,178,js,fffb7953,Jesse Huang,2025-05-09,02:18:35,-07:00,2025-05-09T02:18:35-07:00,0,0
global.js,179,js,fffb7953,Jesse Huang,2025-05-09,02:18:35,-07:00,2025-05-09T02:18:35-07:00,0,31
global.js,180,js,fffb7953,Jesse Huang,2025-05-09,02:18:35,-07:00,2025-05-09T02:18:35-07:00,0,0
global.js,181,js,fffb7953,Jesse Huang,2025-05-09,02:18:35,-07:00,2025-05-09T02:18:35-07:00,0,30
global.js,182,js,fffb7953,Jesse Huang,2025-05-09,02:18:35,-07:00,2025-05-09T02:18:35-07:00,0,49
global.js,183,js,fffb7953,Jesse Huang,2025-05-09,02:18:35,-07:00,2025-05-09T02:18:35-07:00,0,0
global.js,184,js,fffb7953,Jesse Huang,2025-05-09,02:18:35,-07:00,2025-05-09T02:18:35-07:00,0,20
global.js,185,js,fffb7953,Jesse Huang,2025-05-09,02:18:35,-07:00,2025-05-09T02:18:35-07:00,0,50
global.js,186,js,fffb7953,Jesse Huang,2025-05-09,02:18:35,-07:00,2025-05-09T02:18:35-07:00,0,50
global.js,187,js,fffb7953,Jesse Huang,2025-05-09,02:18:35,-07:00,2025-05-09T02:18:35-07:00,0,28
global.js,188,js,fffb7953,Jesse Huang,2025-05-09,02:18:35,-07:00,2025-05-09T02:18:35-07:00,0,30
global.js,189,js,fffb7953,Jesse Huang,2025-05-09,02:18:35,-07:00,2025-05-09T02:18:35-07:00,0,1
global.js,190,js,fffb7953,Jesse Huang,2025-05-09,02:18:35,-07:00,2025-05-09T02:18:35-07:00,0,0
global.js,191,js,fffb7953,Jesse Huang,2025-05-09,02:18:35,-07:00,2025-05-09T02:18:35-07:00,0,98
global.js,192,js,fffb7953,Jesse Huang,2025-05-09,02:18:35,-07:00,2025-05-09T02:18:35-07:00,0,0
global.js,193,js,fffb7953,Jesse Huang,2025-05-09,02:18:35,-07:00,2025-05-09T02:18:35-07:00,0,1
global.js,194,js,fffb7953,Jesse Huang,2025-05-09,02:18:35,-07:00,2025-05-09T02:18:35-07:00,0,0
global.js,195,js,fffb7953,Jesse Huang,2025-05-09,02:18:35,-07:00,2025-05-09T02:18:35-07:00,0,52
global.js,196,js,fffb7953,Jesse Huang,2025-05-09,02:18:35,-07:00,2025-05-09T02:18:35-07:00,0,29
global.js,197,js,fffb7953,Jesse Huang,2025-05-09,02:18:35,-07:00,2025-05-09T02:18:35-07:00,0,50
global.js,198,js,fffb7953,Jesse Huang,2025-05-09,02:18:35,-07:00,2025-05-09T02:18:35-07:00,0,1
global.js,199,js,fffb7953,Jesse Huang,2025-05-09,02:18:35,-07:00,2025-05-09T02:18:35-07:00,0,0
global.js,200,js,fffb7953,Jesse Huang,2025-05-09,02:18:35,-07:00,2025-05-09T02:18:35-07:00,0,11
global.js,201,js,fffb7953,Jesse Huang,2025-05-09,02:18:35,-07:00,2025-05-09T02:18:35-07:00,0,120
global.js,202,js,fffb7953,Jesse Huang,2025-05-09,02:18:35,-07:00,2025-05-09T02:18:35-07:00,0,95
global.js,203,js,fffb7953,Jesse Huang,2025-05-09,02:18:35,-07:00,2025-05-09T02:18:35-07:00,0,68
global.js,204,js,fffb7953,Jesse Huang,2025-05-09,02:18:35,-07:00,2025-05-09T02:18:35-07:00,0,48
global.js,205,js,fffb7953,Jesse Huang,2025-05-09,02:18:35,-07:00,2025-05-09T02:18:35-07:00,0,60
global.js,206,js,fffb7953,Jesse Huang,2025-05-09,02:18:35,-07:00,2025-05-09T02:18:35-07:00,0,1
global.js,207,js,b850fa18,Jesse Huang,2025-04-19,14:43:00,-07:00,2025-04-19T14:43:00-07:00,0,0
projects\projects.js,1,js,fffb7953,Jesse Huang,2025-05-09,02:18:35,-07:00,2025-05-09T02:18:35-07:00,0,69
projects\projects.js,2,js,fffb7953,Jesse Huang,2025-05-09,02:18:35,-07:00,2025-05-09T02:18:35-07:00,0,64
projects\projects.js,3,js,fffb7953,Jesse Huang,2025-05-09,02:18:35,-07:00,2025-05-09T02:18:35-07:00,0,0
projects\projects.js,4,js,fffb7953,Jesse Huang,2025-05-09,02:18:35,-07:00,2025-05-09T02:18:35-07:00,0,56
projects\projects.js,5,js,fffb7953,Jesse Huang,2025-05-09,02:18:35,-07:00,2025-05-09T02:18:35-07:00,0,61
projects\projects.js,6,js,fffb7953,Jesse Huang,2025-05-09,02:18:35,-07:00,2025-05-09T02:18:35-07:00,0,61
projects\projects.js,7,js,fffb7953,Jesse Huang,2025-05-09,02:18:35,-07:00,2025-05-09T02:18:35-07:00,0,64
projects\projects.js,8,js,fffb7953,Jesse Huang,2025-05-09,02:18:35,-07:00,2025-05-09T02:18:35-07:00,0,0
projects\projects.js,9,js,fffb7953,Jesse Huang,2025-05-09,02:18:35,-07:00,2025-05-09T02:18:35-07:00,0,49
projects\projects.js,10,js,fffb7953,Jesse Huang,2025-05-09,02:18:35,-07:00,2025-05-09T02:18:35-07:00,0,35
projects\projects.js,11,js,fffb7953,Jesse Huang,2025-05-09,02:18:35,-07:00,2025-05-09T02:18:35-07:00,0,0
projects\projects.js,12,js,fffb7953,Jesse Huang,2025-05-09,02:18:35,-07:00,2025-05-09T02:18:35-07:00,0,10
projects\projects.js,13,js,fffb7953,Jesse Huang,2025-05-09,02:18:35,-07:00,2025-05-09T02:18:35-07:00,0,0
projects\projects.js,14,js,fffb7953,Jesse Huang,2025-05-09,02:18:35,-07:00,2025-05-09T02:18:35-07:00,0,105
projects\projects.js,15,js,fffb7953,Jesse Huang,2025-05-09,02:18:35,-07:00,2025-05-09T02:18:35-07:00,0,22
projects\projects.js,16,js,fffb7953,Jesse Huang,2025-05-09,02:18:35,-07:00,2025-05-09T02:18:35-07:00,0,9
projects\projects.js,17,js,fffb7953,Jesse Huang,2025-05-09,02:18:35,-07:00,2025-05-09T02:18:35-07:00,0,8
projects\projects.js,18,js,fffb7953,Jesse Huang,2025-05-09,02:18:35,-07:00,2025-05-09T02:18:35-07:00,0,31
projects\projects.js,19,js,fffb7953,Jesse Huang,2025-05-09,02:18:35,-07:00,2025-05-09T02:18:35-07:00,0,0
projects\projects.js,20,js,fffb7953,Jesse Huang,2025-05-09,02:18:35,-07:00,2025-05-09T02:18:35-07:00,0,65
projects\projects.js,21,js,fffb7953,Jesse Huang,2025-05-09,02:18:35,-07:00,2025-05-09T02:18:35-07:00,0,20
projects\projects.js,22,js,fffb7953,Jesse Huang,2025-05-09,02:18:35,-07:00,2025-05-09T02:18:35-07:00,0,28
projects\projects.js,23,js,fffb7953,Jesse Huang,2025-05-09,02:18:35,-07:00,2025-05-09T02:18:35-07:00,0,5
projects\projects.js,24,js,fffb7953,Jesse Huang,2025-05-09,02:18:35,-07:00,2025-05-09T02:18:35-07:00,0,0
projects\projects.js,25,js,fffb7953,Jesse Huang,2025-05-09,02:18:35,-07:00,2025-05-09T02:18:35-07:00,0,20
projects\projects.js,26,js,fffb7953,Jesse Huang,2025-05-09,02:18:35,-07:00,2025-05-09T02:18:35-07:00,0,34
projects\projects.js,27,js,fffb7953,Jesse Huang,2025-05-09,02:18:35,-07:00,2025-05-09T02:18:35-07:00,0,0
projects\projects.js,28,js,fffb7953,Jesse Huang,2025-05-09,02:18:35,-07:00,2025-05-09T02:18:35-07:00,0,16
projects\projects.js,29,js,fffb7953,Jesse Huang,2025-05-09,02:18:35,-07:00,2025-05-09T02:18:35-07:00,0,0
projects\projects.js,30,js,fffb7953,Jesse Huang,2025-05-09,02:18:35,-07:00,2025-05-09T02:18:35-07:00,0,23
projects\projects.js,31,js,fffb7953,Jesse Huang,2025-05-09,02:18:35,-07:00,2025-05-09T02:18:35-07:00,0,15
projects\projects.js,32,js,fffb7953,Jesse Huang,2025-05-09,02:18:35,-07:00,2025-05-09T02:18:35-07:00,0,4
projects\projects.js,33,js,fffb7953,Jesse Huang,2025-05-09,02:18:35,-07:00,2025-05-09T02:18:35-07:00,0,0
projects\projects.js,34,js,fffb7953,Jesse Huang,2025-05-09,02:18:35,-07:00,2025-05-09T02:18:35-07:00,0,16
projects\projects.js,35,js,fffb7953,Jesse Huang,2025-05-09,02:18:35,-07:00,2025-05-09T02:18:35-07:00,0,19
projects\projects.js,36,js,fffb7953,Jesse Huang,2025-05-09,02:18:35,-07:00,2025-05-09T02:18:35-07:00,0,0
projects\projects.js,37,js,fffb7953,Jesse Huang,2025-05-09,02:18:35,-07:00,2025-05-09T02:18:35-07:00,0,23
projects\projects.js,38,js,fffb7953,Jesse Huang,2025-05-09,02:18:35,-07:00,2025-05-09T02:18:35-07:00,0,53
projects\projects.js,39,js,fffb7953,Jesse Huang,2025-05-09,02:18:35,-07:00,2025-05-09T02:18:35-07:00,0,50
projects\projects.js,40,js,fffb7953,Jesse Huang,2025-05-09,02:18:35,-07:00,2025-05-09T02:18:35-07:00,0,21
projects\projects.js,41,js,fffb7953,Jesse Huang,2025-05-09,02:18:35,-07:00,2025-05-09T02:18:35-07:00,0,4
projects\projects.js,42,js,fffb7953,Jesse Huang,2025-05-09,02:18:35,-07:00,2025-05-09T02:18:35-07:00,0,0
projects\projects.js,43,js,fffb7953,Jesse Huang,2025-05-09,02:18:35,-07:00,2025-05-09T02:18:35-07:00,0,49
projects\projects.js,44,js,fffb7953,Jesse Huang,2025-05-09,02:18:35,-07:00,2025-05-09T02:18:35-07:00,0,0
projects\projects.js,45,js,fffb7953,Jesse Huang,2025-05-09,02:18:35,-07:00,2025-05-09T02:18:35-07:00,0,0
projects\projects.js,46,js,fffb7953,Jesse Huang,2025-05-09,02:18:35,-07:00,2025-05-09T02:18:35-07:00,0,41
projects\projects.js,47,js,fffb7953,Jesse Huang,2025-05-09,02:18:35,-07:00,2025-05-09T02:18:35-07:00,0,39
projects\projects.js,48,js,fffb7953,Jesse Huang,2025-05-09,02:18:35,-07:00,2025-05-09T02:18:35-07:00,0,27
projects\projects.js,49,js,fffb7953,Jesse Huang,2025-05-09,02:18:35,-07:00,2025-05-09T02:18:35-07:00,0,13
projects\projects.js,50,js,fffb7953,Jesse Huang,2025-05-09,02:18:35,-07:00,2025-05-09T02:18:35-07:00,0,15
projects\projects.js,51,js,fffb7953,Jesse Huang,2025-05-09,02:18:35,-07:00,2025-05-09T02:18:35-07:00,0,57
projects\projects.js,52,js,fffb7953,Jesse Huang,2025-05-09,02:18:35,-07:00,2025-05-09T02:18:35-07:00,0,1
projects\projects.js,53,js,fffb7953,Jesse Huang,2025-05-09,02:18:35,-07:00,2025-05-09T02:18:35-07:00,0,26
projects\projects.js,54,js,fffb7953,Jesse Huang,2025-05-09,02:18:35,-07:00,2025-05-09T02:18:35-07:00,0,0
projects\projects.js,55,js,fffb7953,Jesse Huang,2025-05-09,02:18:35,-07:00,2025-05-09T02:18:35-07:00,0,45
projects\projects.js,56,js,fffb7953,Jesse Huang,2025-05-09,02:18:35,-07:00,2025-05-09T02:18:35-07:00,0,36
projects\projects.js,57,js,fffb7953,Jesse Huang,2025-05-09,02:18:35,-07:00,2025-05-09T02:18:35-07:00,0,2
projects\projects.js,58,js,fffb7953,Jesse Huang,2025-05-09,02:18:35,-07:00,2025-05-09T02:18:35-07:00,0,48
projects\projects.js,59,js,fffb7953,Jesse Huang,2025-05-09,02:18:35,-07:00,2025-05-09T02:18:35-07:00,0,0
projects\projects.js,60,js,fffb7953,Jesse Huang,2025-05-09,02:18:35,-07:00,2025-05-09T02:18:35-07:00,0,88
projects\projects.js,61,js,fffb7953,Jesse Huang,2025-05-09,02:18:35,-07:00,2025-05-09T02:18:35-07:00,0,34
projects\projects.js,62,js,fffb7953,Jesse Huang,2025-05-09,02:18:35,-07:00,2025-05-09T02:18:35-07:00,0,46
projects\projects.js,63,js,fffb7953,Jesse Huang,2025-05-09,02:18:35,-07:00,2025-05-09T02:18:35-07:00,0,39
projects\projects.js,64,js,fffb7953,Jesse Huang,2025-05-09,02:18:35,-07:00,2025-05-09T02:18:35-07:00,0,0
projects\projects.js,65,js,fffb7953,Jesse Huang,2025-05-09,02:18:35,-07:00,2025-05-09T02:18:35-07:00,0,34
projects\projects.js,66,js,fffb7953,Jesse Huang,2025-05-09,02:18:35,-07:00,2025-05-09T02:18:35-07:00,0,33
projects\projects.js,67,js,fffb7953,Jesse Huang,2025-05-09,02:18:35,-07:00,2025-05-09T02:18:35-07:00,0,31
projects\projects.js,68,js,fffb7953,Jesse Huang,2025-05-09,02:18:35,-07:00,2025-05-09T02:18:35-07:00,0,0
projects\projects.js,69,js,fffb7953,Jesse Huang,2025-05-09,02:18:35,-07:00,2025-05-09T02:18:35-07:00,0,26
projects\projects.js,70,js,fffb7953,Jesse Huang,2025-05-09,02:18:35,-07:00,2025-05-09T02:18:35-07:00,0,30
projects\projects.js,71,js,fffb7953,Jesse Huang,2025-05-09,02:18:35,-07:00,2025-05-09T02:18:35-07:00,0,0
projects\projects.js,72,js,fffb7953,Jesse Huang,2025-05-09,02:18:35,-07:00,2025-05-09T02:18:35-07:00,0,54
projects\projects.js,73,js,fffb7953,Jesse Huang,2025-05-09,02:18:35,-07:00,2025-05-09T02:18:35-07:00,0,41
projects\projects.js,74,js,fffb7953,Jesse Huang,2025-05-09,02:18:35,-07:00,2025-05-09T02:18:35-07:00,0,15
projects\projects.js,75,js,fffb7953,Jesse Huang,2025-05-09,02:18:35,-07:00,2025-05-09T02:18:35-07:00,0,14
projects\projects.js,76,js,fffb7953,Jesse Huang,2025-05-09,02:18:35,-07:00,2025-05-09T02:18:35-07:00,0,52
projects\projects.js,77,js,fffb7953,Jesse Huang,2025-05-09,02:18:35,-07:00,2025-05-09T02:18:35-07:00,0,77
projects\projects.js,78,js,fffb7953,Jesse Huang,2025-05-09,02:18:35,-07:00,2025-05-09T02:18:35-07:00,0,19
projects\projects.js,79,js,fffb7953,Jesse Huang,2025-05-09,02:18:35,-07:00,2025-05-09T02:18:35-07:00,0,0
projects\projects.js,80,js,fffb7953,Jesse Huang,2025-05-09,02:18:35,-07:00,2025-05-09T02:18:35-07:00,0,65
projects\projects.js,81,js,fffb7953,Jesse Huang,2025-05-09,02:18:35,-07:00,2025-05-09T02:18:35-07:00,0,18
projects\projects.js,82,js,fffb7953,Jesse Huang,2025-05-09,02:18:35,-07:00,2025-05-09T02:18:35-07:00,0,7
projects\projects.js,83,js,fffb7953,Jesse Huang,2025-05-09,02:18:35,-07:00,2025-05-09T02:18:35-07:00,0,49
projects\projects.js,84,js,fffb7953,Jesse Huang,2025-05-09,02:18:35,-07:00,2025-05-09T02:18:35-07:00,0,1
projects\projects.js,85,js,fffb7953,Jesse Huang,2025-05-09,02:18:35,-07:00,2025-05-09T02:18:35-07:00,0,0
projects\projects.js,86,js,fffb7953,Jesse Huang,2025-05-09,02:18:35,-07:00,2025-05-09T02:18:35-07:00,0,29
projects\projects.js,87,js,fffb7953,Jesse Huang,2025-05-09,02:18:35,-07:00,2025-05-09T02:18:35-07:00,0,23
projects\projects.js,88,js,fffb7953,Jesse Huang,2025-05-09,02:18:35,-07:00,2025-05-09T02:18:35-07:00,0,65
projects\projects.js,89,js,fffb7953,Jesse Huang,2025-05-09,02:18:35,-07:00,2025-05-09T02:18:35-07:00,0,0
projects\projects.js,90,js,fffb7953,Jesse Huang,2025-05-09,02:18:35,-07:00,2025-05-09T02:18:35-07:00,0,42
projects\projects.js,91,js,fffb7953,Jesse Huang,2025-05-09,02:18:35,-07:00,2025-05-09T02:18:35-07:00,0,20
projects\projects.js,92,js,fffb7953,Jesse Huang,2025-05-09,02:18:35,-07:00,2025-05-09T02:18:35-07:00,0,99
projects\projects.js,93,js,fffb7953,Jesse Huang,2025-05-09,02:18:35,-07:00,2025-05-09T02:18:35-07:00,0,0
projects\projects.js,94,js,fffb7953,Jesse Huang,2025-05-09,02:18:35,-07:00,2025-05-09T02:18:35-07:00,0,21
projects\projects.js,95,js,fffb7953,Jesse Huang,2025-05-09,02:18:35,-07:00,2025-05-09T02:18:35-07:00,0,108
projects\projects.js,96,js,fffb7953,Jesse Huang,2025-05-09,02:18:35,-07:00,2025-05-09T02:18:35-07:00,0,0
projects\projects.js,97,js,fffb7953,Jesse Huang,2025-05-09,02:18:35,-07:00,2025-05-09T02:18:35-07:00,0,26
projects\projects.js,98,js,fffb7953,Jesse Huang,2025-05-09,02:18:35,-07:00,2025-05-09T02:18:35-07:00,0,36
projects\projects.js,99,js,fffb7953,Jesse Huang,2025-05-09,02:18:35,-07:00,2025-05-09T02:18:35-07:00,0,27
projects\projects.js,100,js,fffb7953,Jesse Huang,2025-05-09,02:18:35,-07:00,2025-05-09T02:18:35-07:00,0,7
projects\projects.js,101,js,fffb7953,Jesse Huang,2025-05-09,02:18:35,-07:00,2025-05-09T02:18:35-07:00,0,53
projects\projects.js,102,js,fffb7953,Jesse Huang,2025-05-09,02:18:35,-07:00,2025-05-09T02:18:35-07:00,0,32
projects\projects.js,103,js,fffb7953,Jesse Huang,2025-05-09,02:18:35,-07:00,2025-05-09T02:18:35-07:00,0,32
projects\projects.js,104,js,fffb7953,Jesse Huang,2025-05-09,02:18:35,-07:00,2025-05-09T02:18:35-07:00,0,0
projects\projects.js,105,js,fffb7953,Jesse Huang,2025-05-09,02:18:35,-07:00,2025-05-09T02:18:35-07:00,0,0
projects\projects.js,106,js,fffb7953,Jesse Huang,2025-05-09,02:18:35,-07:00,2025-05-09T02:18:35-07:00,0,26
projects\projects.js,107,js,fffb7953,Jesse Huang,2025-05-09,02:18:35,-07:00,2025-05-09T02:18:35-07:00,0,2
projects\projects.js,108,js,fffb7953,Jesse Huang,2025-05-09,02:18:35,-07:00,2025-05-09T02:18:35-07:00,0,2
projects\projects.js,109,js,fffb7953,Jesse Huang,2025-05-09,02:18:35,-07:00,2025-05-09T02:18:35-07:00,0,0
projects\projects.js,110,js,fffb7953,Jesse Huang,2025-05-09,02:18:35,-07:00,2025-05-09T02:18:35-07:00,0,23
projects\projects.js,111,js,fffb7953,Jesse Huang,2025-05-09,02:18:35,-07:00,2025-05-09T02:18:35-07:00,0,12
projects\projects.js,112,js,fffb7953,Jesse Huang,2025-05-09,02:18:35,-07:00,2025-05-09T02:18:35-07:00,0,12
projects\projects.js,113,js,fffb7953,Jesse Huang,2025-05-09,02:18:35,-07:00,2025-05-09T02:18:35-07:00,0,37
projects\projects.js,114,js,fffb7953,Jesse Huang,2025-05-09,02:18:35,-07:00,2025-05-09T02:18:35-07:00,0,69
projects\projects.js,115,js,fffb7953,Jesse Huang,2025-05-09,02:18:35,-07:00,2025-05-09T02:18:35-07:00,0,0
projects\projects.js,116,js,fffb7953,Jesse Huang,2025-05-09,02:18:35,-07:00,2025-05-09T02:18:35-07:00,0,1
projects\projects.js,117,js,fffb7953,Jesse Huang,2025-05-09,02:18:35,-07:00,2025-05-09T02:18:35-07:00,0,1
projects\projects.js,118,js,fffb7953,Jesse Huang,2025-05-09,02:18:35,-07:00,2025-05-09T02:18:35-07:00,0,0
projects\projects.js,119,js,fffb7953,Jesse Huang,2025-05-09,02:18:35,-07:00,2025-05-09T02:18:35-07:00,0,33
projects\projects.js,120,js,fffb7953,Jesse Huang,2025-05-09,02:18:35,-07:00,2025-05-09T02:18:35-07:00,0,24
projects\projects.js,121,js,fffb7953,Jesse Huang,2025-05-09,02:18:35,-07:00,2025-05-09T02:18:35-07:00,0,0
projects\projects.js,122,js,fffb7953,Jesse Huang,2025-05-09,02:18:35,-07:00,2025-05-09T02:18:35-07:00,0,20
projects\projects.js,123,js,fffb7953,Jesse Huang,2025-05-09,02:18:35,-07:00,2025-05-09T02:18:35-07:00,0,54
projects\projects.js,124,js,fffb7953,Jesse Huang,2025-05-09,02:18:35,-07:00,2025-05-09T02:18:35-07:00,0,0
projects\projects.js,125,js,fffb7953,Jesse Huang,2025-05-09,02:18:35,-07:00,2025-05-09T02:18:35-07:00,0,50
projects\projects.js,126,js,fffb7953,Jesse Huang,2025-05-09,02:18:35,-07:00,2025-05-09T02:18:35-07:00,0,20
projects\projects.js,127,js,fffb7953,Jesse Huang,2025-05-09,02:18:35,-07:00,2025-05-09T02:18:35-07:00,0,26
projects\projects.js,128,js,fffb7953,Jesse Huang,2025-05-09,02:18:35,-07:00,2025-05-09T02:18:35-07:00,0,0
projects\projects.js,129,js,fffb7953,Jesse Huang,2025-05-09,02:18:35,-07:00,2025-05-09T02:18:35-07:00,0,63
projects\projects.js,130,js,fffb7953,Jesse Huang,2025-05-09,02:18:35,-07:00,2025-05-09T02:18:35-07:00,0,13
projects\projects.js,131,js,fffb7953,Jesse Huang,2025-05-09,02:18:35,-07:00,2025-05-09T02:18:35-07:00,0,27
projects\projects.js,132,js,fffb7953,Jesse Huang,2025-05-09,02:18:35,-07:00,2025-05-09T02:18:35-07:00,0,1
projects\projects.js,133,js,fffb7953,Jesse Huang,2025-05-09,02:18:35,-07:00,2025-05-09T02:18:35-07:00,0,0
projects\projects.js,134,js,fffb7953,Jesse Huang,2025-05-09,02:18:35,-07:00,2025-05-09T02:18:35-07:00,0,27
projects\projects.js,135,js,fffb7953,Jesse Huang,2025-05-09,02:18:35,-07:00,2025-05-09T02:18:35-07:00,0,57
projects\projects.js,136,js,fffb7953,Jesse Huang,2025-05-09,02:18:35,-07:00,2025-05-09T02:18:35-07:00,0,67
projects\projects.js,137,js,fffb7953,Jesse Huang,2025-05-09,02:18:35,-07:00,2025-05-09T02:18:35-07:00,0,89
projects\projects.js,138,js,fffb7953,Jesse Huang,2025-05-09,02:18:35,-07:00,2025-05-09T02:18:35-07:00,0,7
projects\projects.js,139,js,fffb7953,Jesse Huang,2025-05-09,02:18:35,-07:00,2025-05-09T02:18:35-07:00,0,0
projects\projects.js,140,js,fffb7953,Jesse Huang,2025-05-09,02:18:35,-07:00,2025-05-09T02:18:35-07:00,0,26
projects\projects.js,141,js,fffb7953,Jesse Huang,2025-05-09,02:18:35,-07:00,2025-05-09T02:18:35-07:00,0,2
projects\projects.js,142,js,fffb7953,Jesse Huang,2025-05-09,02:18:35,-07:00,2025-05-09T02:18:35-07:00,0,0
projects\projects.js,143,js,fffb7953,Jesse Huang,2025-05-09,02:18:35,-07:00,2025-05-09T02:18:35-07:00,0,0
projects\projects.js,144,js,fffb7953,Jesse Huang,2025-05-09,02:18:35,-07:00,2025-05-09T02:18:35-07:00,0,36
projects\projects.js,145,js,fffb7953,Jesse Huang,2025-05-09,02:18:35,-07:00,2025-05-09T02:18:35-07:00,0,20
projects\projects.js,146,js,fffb7953,Jesse Huang,2025-05-09,02:18:35,-07:00,2025-05-09T02:18:35-07:00,0,108
projects\projects.js,147,js,fffb7953,Jesse Huang,2025-05-09,02:18:35,-07:00,2025-05-09T02:18:35-07:00,0,27
projects\projects.js,148,js,fffb7953,Jesse Huang,2025-05-09,02:18:35,-07:00,2025-05-09T02:18:35-07:00,0,50
projects\projects.js,149,js,fffb7953,Jesse Huang,2025-05-09,02:18:35,-07:00,2025-05-09T02:18:35-07:00,0,54
projects\projects.js,150,js,fffb7953,Jesse Huang,2025-05-09,02:18:35,-07:00,2025-05-09T02:18:35-07:00,0,43
projects\projects.js,151,js,fffb7953,Jesse Huang,2025-05-09,02:18:35,-07:00,2025-05-09T02:18:35-07:00,0,2
projects\projects.js,152,js,fffb7953,Jesse Huang,2025-05-09,02:18:35,-07:00,2025-05-09T02:18:35-07:00,0,32
projects\projects.js,153,js,fffb7953,Jesse Huang,2025-05-09,02:18:35,-07:00,2025-05-09T02:18:35-07:00,0,26
projects\projects.js,154,js,fffb7953,Jesse Huang,2025-05-09,02:18:35,-07:00,2025-05-09T02:18:35-07:00,0,50
projects\projects.js,155,js,fffb7953,Jesse Huang,2025-05-09,02:18:35,-07:00,2025-05-09T02:18:35-07:00,0,54
projects\projects.js,156,js,fffb7953,Jesse Huang,2025-05-09,02:18:35,-07:00,2025-05-09T02:18:35-07:00,0,62
projects\projects.js,157,js,fffb7953,Jesse Huang,2025-05-09,02:18:35,-07:00,2025-05-09T02:18:35-07:00,0,2
projects\projects.js,158,js,fffb7953,Jesse Huang,2025-05-09,02:18:35,-07:00,2025-05-09T02:18:35-07:00,0,0
projects\projects.js,159,js,fffb7953,Jesse Huang,2025-05-09,02:18:35,-07:00,2025-05-09T02:18:35-07:00,0,18
projects\projects.js,160,js,fffb7953,Jesse Huang,2025-05-09,02:18:35,-07:00,2025-05-09T02:18:35-07:00,0,74
projects\projects.js,161,js,fffb7953,Jesse Huang,2025-05-09,02:18:35,-07:00,2025-05-09T02:18:35-07:00,0,32
projects\projects.js,162,js,fffb7953,Jesse Huang,2025-05-09,02:18:35,-07:00,2025-05-09T02:18:35-07:00,0,7
projects\projects.js,163,js,fffb7953,Jesse Huang,2025-05-09,02:18:35,-07:00,2025-05-09T02:18:35-07:00,0,27
projects\projects.js,164,js,fffb7953,Jesse Huang,2025-05-09,02:18:35,-07:00,2025-05-09T02:18:35-07:00,0,32
projects\projects.js,165,js,fffb7953,Jesse Huang,2025-05-09,02:18:35,-07:00,2025-05-09T02:18:35-07:00,0,1
projects\projects.js,166,js,fffb7953,Jesse Huang,2025-05-09,02:18:35,-07:00,2025-05-09T02:18:35-07:00,0,0
projects\projects.js,167,js,fffb7953,Jesse Huang,2025-05-09,02:18:35,-07:00,2025-05-09T02:18:35-07:00,0,57
projects\projects.js,168,js,fffb7953,Jesse Huang,2025-05-09,02:18:35,-07:00,2025-05-09T02:18:35-07:00,0,1
projects\index.html,1,html,4bb04a90,Jesse Huang,2025-04-04,15:05:07,-07:00,2025-04-04T15:05:07-07:00,0,14
projects\index.html,2,html,4bb04a90,Jesse Huang,2025-04-04,15:05:07,-07:00,2025-04-04T15:05:07-07:00,0,15
projects\index.html,3,html,4bb04a90,Jesse Huang,2025-04-04,15:05:07,-07:00,2025-04-04T15:05:07-07:00,0,5
projects\index.html,4,html,4bb04a90,Jesse Huang,2025-04-04,15:05:07,-07:00,2025-04-04T15:05:07-07:00,0,21
projects\index.html,5,html,4bb04a90,Jesse Huang,2025-04-04,15:05:07,-07:00,2025-04-04T15:05:07-07:00,0,69
projects\index.html,6,html,4bb04a90,Jesse Huang,2025-04-04,15:05:07,-07:00,2025-04-04T15:05:07-07:00,0,22
projects\index.html,7,html,4bb04a90,Jesse Huang,2025-04-04,15:05:07,-07:00,2025-04-04T15:05:07-07:00,0,0
projects\index.html,8,html,4bb04a90,Jesse Huang,2025-04-04,15:05:07,-07:00,2025-04-04T15:05:07-07:00,0,42
projects\index.html,9,html,4bb04a90,Jesse Huang,2025-04-04,15:05:07,-07:00,2025-04-04T15:05:07-07:00,0,6
projects\index.html,10,html,4bb04a90,Jesse Huang,2025-04-04,15:05:07,-07:00,2025-04-04T15:05:07-07:00,0,0
projects\index.html,11,html,4bb04a90,Jesse Huang,2025-04-04,15:05:07,-07:00,2025-04-04T15:05:07-07:00,0,5
projects\index.html,12,html,b850fa18,Jesse Huang,2025-04-19,14:43:00,-07:00,2025-04-19T14:43:00-07:00,0,9
projects\index.html,13,html,63f0fc9c,Jesse Huang,2025-04-04,23:57:40,-07:00,2025-04-04T23:57:40-07:00,0,31
projects\index.html,14,html,b850fa18,Jesse Huang,2025-04-19,14:43:00,-07:00,2025-04-19T14:43:00-07:00,0,32
projects\index.html,15,html,63f0fc9c,Jesse Huang,2025-04-04,23:57:40,-07:00,2025-04-04T23:57:40-07:00,0,42
projects\index.html,16,html,63f0fc9c,Jesse Huang,2025-04-04,23:57:40,-07:00,2025-04-04T23:57:40-07:00,0,39
projects\index.html,17,html,63f0fc9c,Jesse Huang,2025-04-04,23:57:40,-07:00,2025-04-04T23:57:40-07:00,0,62
projects\index.html,18,html,b850fa18,Jesse Huang,2025-04-19,14:43:00,-07:00,2025-04-19T14:43:00-07:00,0,9
projects\index.html,19,html,4bb04a90,Jesse Huang,2025-04-04,15:05:07,-07:00,2025-04-04T15:05:07-07:00,0,0
projects\index.html,20,html,fffb7953,Jesse Huang,2025-05-09,02:18:35,-07:00,2025-05-09T02:18:35-07:00,0,31
projects\index.html,21,html,fffb7953,Jesse Huang,2025-05-09,02:18:35,-07:00,2025-05-09T02:18:35-07:00,0,0
projects\index.html,22,html,fffb7953,Jesse Huang,2025-05-09,02:18:35,-07:00,2025-05-09T02:18:35-07:00,0,19
projects\index.html,23,html,fffb7953,Jesse Huang,2025-05-09,02:18:35,-07:00,2025-05-09T02:18:35-07:00,0,53
projects\index.html,24,html,fffb7953,Jesse Huang,2025-05-09,02:18:35,-07:00,2025-05-09T02:18:35-07:00,0,78
projects\index.html,25,html,fffb7953,Jesse Huang,2025-05-09,02:18:35,-07:00,2025-05-09T02:18:35-07:00,0,5
projects\index.html,26,html,fffb7953,Jesse Huang,2025-05-09,02:18:35,-07:00,2025-05-09T02:18:35-07:00,0,0
projects\index.html,27,html,fffb7953,Jesse Huang,2025-05-09,02:18:35,-07:00,2025-05-09T02:18:35-07:00,0,23
projects\index.html,28,html,fffb7953,Jesse Huang,2025-05-09,02:18:35,-07:00,2025-05-09T02:18:35-07:00,0,5
projects\index.html,29,html,fffb7953,Jesse Huang,2025-05-09,02:18:35,-07:00,2025-05-09T02:18:35-07:00,0,0
projects\index.html,30,html,fffb7953,Jesse Huang,2025-05-09,02:18:35,-07:00,2025-05-09T02:18:35-07:00,0,16
projects\index.html,31,html,fffb7953,Jesse Huang,2025-05-09,02:18:35,-07:00,2025-05-09T02:18:35-07:00,0,10
projects\index.html,32,html,fffb7953,Jesse Huang,2025-05-09,02:18:35,-07:00,2025-05-09T02:18:35-07:00,0,5
projects\index.html,33,html,fffb7953,Jesse Huang,2025-05-09,02:18:35,-07:00,2025-05-09T02:18:35-07:00,0,16
projects\index.html,34,html,fffb7953,Jesse Huang,2025-05-09,02:18:35,-07:00,2025-05-09T02:18:35-07:00,0,12
projects\index.html,35,html,fffb7953,Jesse Huang,2025-05-09,02:18:35,-07:00,2025-05-09T02:18:35-07:00,0,27
projects\index.html,36,html,fffb7953,Jesse Huang,2025-05-09,02:18:35,-07:00,2025-05-09T02:18:35-07:00,0,29
projects\index.html,37,html,fffb7953,Jesse Huang,2025-05-09,02:18:35,-07:00,2025-05-09T02:18:35-07:00,0,1
projects\index.html,38,html,fffb7953,Jesse Huang,2025-05-09,02:18:35,-07:00,2025-05-09T02:18:35-07:00,0,5
projects\index.html,39,html,63f0fc9c,Jesse Huang,2025-04-04,23:57:40,-07:00,2025-04-04T23:57:40-07:00,0,0
projects\index.html,40,html,63f0fc9c,Jesse Huang,2025-04-04,23:57:40,-07:00,2025-04-04T23:57:40-07:00,0,21
projects\index.html,41,html,fffb7953,Jesse Huang,2025-05-09,02:18:35,-07:00,2025-05-09T02:18:35-07:00,0,13
projects\index.html,42,html,63f0fc9c,Jesse Huang,2025-04-04,23:57:40,-07:00,2025-04-04T23:57:40-07:00,0,30
projects\index.html,43,html,63f0fc9c,Jesse Huang,2025-04-04,23:57:40,-07:00,2025-04-04T23:57:40-07:00,0,71
projects\index.html,44,html,63f0fc9c,Jesse Huang,2025-04-04,23:57:40,-07:00,2025-04-04T23:57:40-07:00,0,216
projects\index.html,45,html,63f0fc9c,Jesse Huang,2025-04-04,23:57:40,-07:00,2025-04-04T23:57:40-07:00,0,9
projects\index.html,46,html,63f0fc9c,Jesse Huang,2025-04-04,23:57:40,-07:00,2025-04-04T23:57:40-07:00,0,8
projects\index.html,47,html,63f0fc9c,Jesse Huang,2025-04-04,23:57:40,-07:00,2025-04-04T23:57:40-07:00,0,45
projects\index.html,48,html,63f0fc9c,Jesse Huang,2025-04-04,23:57:40,-07:00,2025-04-04T23:57:40-07:00,0,71
projects\index.html,49,html,63f0fc9c,Jesse Huang,2025-04-04,23:57:40,-07:00,2025-04-04T23:57:40-07:00,0,208
projects\index.html,50,html,63f0fc9c,Jesse Huang,2025-04-04,23:57:40,-07:00,2025-04-04T23:57:40-07:00,0,9
projects\index.html,51,html,63f0fc9c,Jesse Huang,2025-04-04,23:57:40,-07:00,2025-04-04T23:57:40-07:00,0,8
projects\index.html,52,html,63f0fc9c,Jesse Huang,2025-04-04,23:57:40,-07:00,2025-04-04T23:57:40-07:00,0,39
projects\index.html,53,html,63f0fc9c,Jesse Huang,2025-04-04,23:57:40,-07:00,2025-04-04T23:57:40-07:00,0,71
projects\index.html,54,html,63f0fc9c,Jesse Huang,2025-04-04,23:57:40,-07:00,2025-04-04T23:57:40-07:00,0,245
projects\index.html,55,html,63f0fc9c,Jesse Huang,2025-04-04,23:57:40,-07:00,2025-04-04T23:57:40-07:00,0,9
projects\index.html,56,html,63f0fc9c,Jesse Huang,2025-04-04,23:57:40,-07:00,2025-04-04T23:57:40-07:00,0,8
projects\index.html,57,html,63f0fc9c,Jesse Huang,2025-04-04,23:57:40,-07:00,2025-04-04T23:57:40-07:00,0,30
projects\index.html,58,html,63f0fc9c,Jesse Huang,2025-04-04,23:57:40,-07:00,2025-04-04T23:57:40-07:00,0,71
projects\index.html,59,html,63f0fc9c,Jesse Huang,2025-04-04,23:57:40,-07:00,2025-04-04T23:57:40-07:00,0,221
projects\index.html,60,html,63f0fc9c,Jesse Huang,2025-04-04,23:57:40,-07:00,2025-04-04T23:57:40-07:00,0,9
projects\index.html,61,html,63f0fc9c,Jesse Huang,2025-04-04,23:57:40,-07:00,2025-04-04T23:57:40-07:00,0,8
projects\index.html,62,html,63f0fc9c,Jesse Huang,2025-04-04,23:57:40,-07:00,2025-04-04T23:57:40-07:00,0,32
projects\index.html,63,html,63f0fc9c,Jesse Huang,2025-04-04,23:57:40,-07:00,2025-04-04T23:57:40-07:00,0,71
projects\index.html,64,html,63f0fc9c,Jesse Huang,2025-04-04,23:57:40,-07:00,2025-04-04T23:57:40-07:00,0,230
projects\index.html,65,html,63f0fc9c,Jesse Huang,2025-04-04,23:57:40,-07:00,2025-04-04T23:57:40-07:00,0,9
projects\index.html,66,html,63f0fc9c,Jesse Huang,2025-04-04,23:57:40,-07:00,2025-04-04T23:57:40-07:00,0,8
projects\index.html,67,html,63f0fc9c,Jesse Huang,2025-04-04,23:57:40,-07:00,2025-04-04T23:57:40-07:00,0,38
projects\index.html,68,html,63f0fc9c,Jesse Huang,2025-04-04,23:57:40,-07:00,2025-04-04T23:57:40-07:00,0,71
projects\index.html,69,html,63f0fc9c,Jesse Huang,2025-04-04,23:57:40,-07:00,2025-04-04T23:57:40-07:00,0,228
projects\index.html,70,html,63f0fc9c,Jesse Huang,2025-04-04,23:57:40,-07:00,2025-04-04T23:57:40-07:00,0,9
projects\index.html,71,html,63f0fc9c,Jesse Huang,2025-04-04,23:57:40,-07:00,2025-04-04T23:57:40-07:00,0,8
projects\index.html,72,html,63f0fc9c,Jesse Huang,2025-04-04,23:57:40,-07:00,2025-04-04T23:57:40-07:00,0,31
projects\index.html,73,html,63f0fc9c,Jesse Huang,2025-04-04,23:57:40,-07:00,2025-04-04T23:57:40-07:00,0,71
projects\index.html,74,html,63f0fc9c,Jesse Huang,2025-04-04,23:57:40,-07:00,2025-04-04T23:57:40-07:00,0,215
projects\index.html,75,html,63f0fc9c,Jesse Huang,2025-04-04,23:57:40,-07:00,2025-04-04T23:57:40-07:00,0,9
projects\index.html,76,html,63f0fc9c,Jesse Huang,2025-04-04,23:57:40,-07:00,2025-04-04T23:57:40-07:00,0,8
projects\index.html,77,html,63f0fc9c,Jesse Huang,2025-04-04,23:57:40,-07:00,2025-04-04T23:57:40-07:00,0,35
projects\index.html,78,html,63f0fc9c,Jesse Huang,2025-04-04,23:57:40,-07:00,2025-04-04T23:57:40-07:00,0,71
projects\index.html,79,html,63f0fc9c,Jesse Huang,2025-04-04,23:57:40,-07:00,2025-04-04T23:57:40-07:00,0,225
projects\index.html,80,html,63f0fc9c,Jesse Huang,2025-04-04,23:57:40,-07:00,2025-04-04T23:57:40-07:00,0,9
projects\index.html,81,html,63f0fc9c,Jesse Huang,2025-04-04,23:57:40,-07:00,2025-04-04T23:57:40-07:00,0,8
projects\index.html,82,html,63f0fc9c,Jesse Huang,2025-04-04,23:57:40,-07:00,2025-04-04T23:57:40-07:00,0,38
projects\index.html,83,html,63f0fc9c,Jesse Huang,2025-04-04,23:57:40,-07:00,2025-04-04T23:57:40-07:00,0,71
projects\index.html,84,html,63f0fc9c,Jesse Huang,2025-04-04,23:57:40,-07:00,2025-04-04T23:57:40-07:00,0,216
projects\index.html,85,html,63f0fc9c,Jesse Huang,2025-04-04,23:57:40,-07:00,2025-04-04T23:57:40-07:00,0,9
projects\index.html,86,html,63f0fc9c,Jesse Huang,2025-04-04,23:57:40,-07:00,2025-04-04T23:57:40-07:00,0,8
projects\index.html,87,html,63f0fc9c,Jesse Huang,2025-04-04,23:57:40,-07:00,2025-04-04T23:57:40-07:00,0,42
projects\index.html,88,html,63f0fc9c,Jesse Huang,2025-04-04,23:57:40,-07:00,2025-04-04T23:57:40-07:00,0,71
projects\index.html,89,html,63f0fc9c,Jesse Huang,2025-04-04,23:57:40,-07:00,2025-04-04T23:57:40-07:00,0,248
projects\index.html,90,html,63f0fc9c,Jesse Huang,2025-04-04,23:57:40,-07:00,2025-04-04T23:57:40-07:00,0,9
projects\index.html,91,html,63f0fc9c,Jesse Huang,2025-04-04,23:57:40,-07:00,2025-04-04T23:57:40-07:00,0,8
projects\index.html,92,html,63f0fc9c,Jesse Huang,2025-04-04,23:57:40,-07:00,2025-04-04T23:57:40-07:00,0,33
projects\index.html,93,html,63f0fc9c,Jesse Huang,2025-04-04,23:57:40,-07:00,2025-04-04T23:57:40-07:00,0,71
projects\index.html,94,html,63f0fc9c,Jesse Huang,2025-04-04,23:57:40,-07:00,2025-04-04T23:57:40-07:00,0,228
projects\index.html,95,html,63f0fc9c,Jesse Huang,2025-04-04,23:57:40,-07:00,2025-04-04T23:57:40-07:00,0,9
projects\index.html,96,html,63f0fc9c,Jesse Huang,2025-04-04,23:57:40,-07:00,2025-04-04T23:57:40-07:00,0,8
projects\index.html,97,html,63f0fc9c,Jesse Huang,2025-04-04,23:57:40,-07:00,2025-04-04T23:57:40-07:00,0,40
projects\index.html,98,html,63f0fc9c,Jesse Huang,2025-04-04,23:57:40,-07:00,2025-04-04T23:57:40-07:00,0,71
projects\index.html,99,html,63f0fc9c,Jesse Huang,2025-04-04,23:57:40,-07:00,2025-04-04T23:57:40-07:00,0,241
projects\index.html,100,html,fffb7953,Jesse Huang,2025-05-09,02:18:35,-07:00,2025-05-09T02:18:35-07:00,0,13
projects\index.html,101,html,63f0fc9c,Jesse Huang,2025-04-04,23:57:40,-07:00,2025-04-04T23:57:40-07:00,0,5
projects\index.html,102,html,b850fa18,Jesse Huang,2025-04-19,14:43:00,-07:00,2025-04-19T14:43:00-07:00,0,0
projects\index.html,103,html,b850fa18,Jesse Huang,2025-04-19,14:43:00,-07:00,2025-04-19T14:43:00-07:00,0,25
projects\index.html,104,html,b850fa18,Jesse Huang,2025-04-19,14:43:00,-07:00,2025-04-19T14:43:00-07:00,0,49
projects\index.html,105,html,fffb7953,Jesse Huang,2025-05-09,02:18:35,-07:00,2025-05-09T02:18:35-07:00,0,48
projects\index.html,106,html,4bb04a90,Jesse Huang,2025-04-04,15:05:07,-07:00,2025-04-04T15:05:07-07:00,0,6
projects\index.html,107,html,4bb04a90,Jesse Huang,2025-04-04,15:05:07,-07:00,2025-04-04T15:05:07-07:00,0,6
cv\index.html,1,html,4bb04a90,Jesse Huang,2025-04-04,15:05:07,-07:00,2025-04-04T15:05:07-07:00,0,14
cv\index.html,2,html,4bb04a90,Jesse Huang,2025-04-04,15:05:07,-07:00,2025-04-04T15:05:07-07:00,0,15
cv\index.html,3,html,4bb04a90,Jesse Huang,2025-04-04,15:05:07,-07:00,2025-04-04T15:05:07-07:00,0,5
cv\index.html,4,html,4bb04a90,Jesse Huang,2025-04-04,15:05:07,-07:00,2025-04-04T15:05:07-07:00,0,21
cv\index.html,5,html,4bb04a90,Jesse Huang,2025-04-04,15:05:07,-07:00,2025-04-04T15:05:07-07:00,0,69
cv\index.html,6,html,4bb04a90,Jesse Huang,2025-04-04,15:05:07,-07:00,2025-04-04T15:05:07-07:00,0,16
cv\index.html,7,html,4bb04a90,Jesse Huang,2025-04-04,15:05:07,-07:00,2025-04-04T15:05:07-07:00,0,0
cv\index.html,8,html,4bb04a90,Jesse Huang,2025-04-04,15:05:07,-07:00,2025-04-04T15:05:07-07:00,0,42
cv\index.html,9,html,4bb04a90,Jesse Huang,2025-04-04,15:05:07,-07:00,2025-04-04T15:05:07-07:00,0,6
cv\index.html,10,html,4bb04a90,Jesse Huang,2025-04-04,15:05:07,-07:00,2025-04-04T15:05:07-07:00,0,0
cv\index.html,11,html,4bb04a90,Jesse Huang,2025-04-04,15:05:07,-07:00,2025-04-04T15:05:07-07:00,0,5
cv\index.html,12,html,b850fa18,Jesse Huang,2025-04-19,14:43:00,-07:00,2025-04-19T14:43:00-07:00,0,9
cv\index.html,13,html,63f0fc9c,Jesse Huang,2025-04-04,23:57:40,-07:00,2025-04-04T23:57:40-07:00,0,31
cv\index.html,14,html,63f0fc9c,Jesse Huang,2025-04-04,23:57:40,-07:00,2025-04-04T23:57:40-07:00,0,44
cv\index.html,15,html,63f0fc9c,Jesse Huang,2025-04-04,23:57:40,-07:00,2025-04-04T23:57:40-07:00,0,42
cv\index.html,16,html,b850fa18,Jesse Huang,2025-04-19,14:43:00,-07:00,2025-04-19T14:43:00-07:00,0,26
cv\index.html,17,html,63f0fc9c,Jesse Huang,2025-04-04,23:57:40,-07:00,2025-04-04T23:57:40-07:00,0,62
cv\index.html,18,html,b850fa18,Jesse Huang,2025-04-19,14:43:00,-07:00,2025-04-19T14:43:00-07:00,0,9
cv\index.html,19,html,4bb04a90,Jesse Huang,2025-04-04,15:05:07,-07:00,2025-04-04T15:05:07-07:00,0,0
cv\index.html,20,html,4bb04a90,Jesse Huang,2025-04-04,15:05:07,-07:00,2025-04-04T15:05:07-07:00,0,42
cv\index.html,21,html,4bb04a90,Jesse Huang,2025-04-04,15:05:07,-07:00,2025-04-04T15:05:07-07:00,0,0
cv\index.html,22,html,4bb04a90,Jesse Huang,2025-04-04,15:05:07,-07:00,2025-04-04T15:05:07-07:00,0,25
cv\index.html,23,html,4bb04a90,Jesse Huang,2025-04-04,15:05:07,-07:00,2025-04-04T15:05:07-07:00,0,19
cv\index.html,24,html,4bb04a90,Jesse Huang,2025-04-04,15:05:07,-07:00,2025-04-04T15:05:07-07:00,0,209
cv\index.html,25,html,4bb04a90,Jesse Huang,2025-04-04,15:05:07,-07:00,2025-04-04T15:05:07-07:00,0,8
cv\index.html,26,html,4bb04a90,Jesse Huang,2025-04-04,15:05:07,-07:00,2025-04-04T15:05:07-07:00,0,0
cv\index.html,27,html,4bb04a90,Jesse Huang,2025-04-04,15:05:07,-07:00,2025-04-04T15:05:07-07:00,0,8
cv\index.html,28,html,4bb04a90,Jesse Huang,2025-04-04,15:05:07,-07:00,2025-04-04T15:05:07-07:00,0,7
cv\index.html,29,html,4bb04a90,Jesse Huang,2025-04-04,15:05:07,-07:00,2025-04-04T15:05:07-07:00,0,17
cv\index.html,30,html,4bb04a90,Jesse Huang,2025-04-04,15:05:07,-07:00,2025-04-04T15:05:07-07:00,0,8
cv\index.html,31,html,4bb04a90,Jesse Huang,2025-04-04,15:05:07,-07:00,2025-04-04T15:05:07-07:00,0,0
cv\index.html,32,html,4bb04a90,Jesse Huang,2025-04-04,15:05:07,-07:00,2025-04-04T15:05:07-07:00,0,79
cv\index.html,33,html,4bb04a90,Jesse Huang,2025-04-04,15:05:07,-07:00,2025-04-04T15:05:07-07:00,0,100
cv\index.html,34,html,4bb04a90,Jesse Huang,2025-04-04,15:05:07,-07:00,2025-04-04T15:05:07-07:00,0,21
cv\index.html,35,html,4bb04a90,Jesse Huang,2025-04-04,15:05:07,-07:00,2025-04-04T15:05:07-07:00,0,26
cv\index.html,36,html,4bb04a90,Jesse Huang,2025-04-04,15:05:07,-07:00,2025-04-04T15:05:07-07:00,0,22
cv\index.html,37,html,4bb04a90,Jesse Huang,2025-04-04,15:05:07,-07:00,2025-04-04T15:05:07-07:00,0,18
cv\index.html,38,html,4bb04a90,Jesse Huang,2025-04-04,15:05:07,-07:00,2025-04-04T15:05:07-07:00,0,9
cv\index.html,39,html,4bb04a90,Jesse Huang,2025-04-04,15:05:07,-07:00,2025-04-04T15:05:07-07:00,0,0
cv\index.html,40,html,4bb04a90,Jesse Huang,2025-04-04,15:05:07,-07:00,2025-04-04T15:05:07-07:00,0,8
cv\index.html,41,html,4bb04a90,Jesse Huang,2025-04-04,15:05:07,-07:00,2025-04-04T15:05:07-07:00,0,7
cv\index.html,42,html,4bb04a90,Jesse Huang,2025-04-04,15:05:07,-07:00,2025-04-04T15:05:07-07:00,0,31
cv\index.html,43,html,4bb04a90,Jesse Huang,2025-04-04,15:05:07,-07:00,2025-04-04T15:05:07-07:00,0,8
cv\index.html,44,html,4bb04a90,Jesse Huang,2025-04-04,15:05:07,-07:00,2025-04-04T15:05:07-07:00,0,0
cv\index.html,45,html,4bb04a90,Jesse Huang,2025-04-04,15:05:07,-07:00,2025-04-04T15:05:07-07:00,0,8
cv\index.html,46,html,4bb04a90,Jesse Huang,2025-04-04,15:05:07,-07:00,2025-04-04T15:05:07-07:00,0,144
cv\index.html,47,html,4bb04a90,Jesse Huang,2025-04-04,15:05:07,-07:00,2025-04-04T15:05:07-07:00,0,23
cv\index.html,48,html,4bb04a90,Jesse Huang,2025-04-04,15:05:07,-07:00,2025-04-04T15:05:07-07:00,0,0
cv\index.html,49,html,4bb04a90,Jesse Huang,2025-04-04,15:05:07,-07:00,2025-04-04T15:05:07-07:00,0,3
cv\index.html,50,html,63f0fc9c,Jesse Huang,2025-04-04,23:57:40,-07:00,2025-04-04T23:57:40-07:00,0,60
cv\index.html,51,html,63f0fc9c,Jesse Huang,2025-04-04,23:57:40,-07:00,2025-04-04T23:57:40-07:00,0,60
cv\index.html,52,html,63f0fc9c,Jesse Huang,2025-04-04,23:57:40,-07:00,2025-04-04T23:57:40-07:00,0,73
cv\index.html,53,html,63f0fc9c,Jesse Huang,2025-04-04,23:57:40,-07:00,2025-04-04T23:57:40-07:00,0,68
cv\index.html,54,html,63f0fc9c,Jesse Huang,2025-04-04,23:57:40,-07:00,2025-04-04T23:57:40-07:00,0,71
cv\index.html,55,html,63f0fc9c,Jesse Huang,2025-04-04,23:57:40,-07:00,2025-04-04T23:57:40-07:00,0,61
cv\index.html,56,html,4bb04a90,Jesse Huang,2025-04-04,15:05:07,-07:00,2025-04-04T15:05:07-07:00,0,4
cv\index.html,57,html,4bb04a90,Jesse Huang,2025-04-04,15:05:07,-07:00,2025-04-04T15:05:07-07:00,0,9
cv\index.html,58,html,4bb04a90,Jesse Huang,2025-04-04,15:05:07,-07:00,2025-04-04T15:05:07-07:00,0,0
cv\index.html,59,html,4bb04a90,Jesse Huang,2025-04-04,15:05:07,-07:00,2025-04-04T15:05:07-07:00,0,8
cv\index.html,60,html,4bb04a90,Jesse Huang,2025-04-04,15:05:07,-07:00,2025-04-04T15:05:07-07:00,0,202
cv\index.html,61,html,4bb04a90,Jesse Huang,2025-04-04,15:05:07,-07:00,2025-04-04T15:05:07-07:00,0,18
cv\index.html,62,html,4bb04a90,Jesse Huang,2025-04-04,15:05:07,-07:00,2025-04-04T15:05:07-07:00,0,0
cv\index.html,63,html,4bb04a90,Jesse Huang,2025-04-04,15:05:07,-07:00,2025-04-04T15:05:07-07:00,0,3
cv\index.html,64,html,63f0fc9c,Jesse Huang,2025-04-04,23:57:40,-07:00,2025-04-04T23:57:40-07:00,0,94
cv\index.html,65,html,63f0fc9c,Jesse Huang,2025-04-04,23:57:40,-07:00,2025-04-04T23:57:40-07:00,0,76
cv\index.html,66,html,63f0fc9c,Jesse Huang,2025-04-04,23:57:40,-07:00,2025-04-04T23:57:40-07:00,0,102
cv\index.html,67,html,4bb04a90,Jesse Huang,2025-04-04,15:05:07,-07:00,2025-04-04T15:05:07-07:00,0,4
cv\index.html,68,html,4bb04a90,Jesse Huang,2025-04-04,15:05:07,-07:00,2025-04-04T15:05:07-07:00,0,9
cv\index.html,69,html,4bb04a90,Jesse Huang,2025-04-04,15:05:07,-07:00,2025-04-04T15:05:07-07:00,0,9
cv\index.html,70,html,4bb04a90,Jesse Huang,2025-04-04,15:05:07,-07:00,2025-04-04T15:05:07-07:00,0,0
cv\index.html,71,html,b850fa18,Jesse Huang,2025-04-19,14:43:00,-07:00,2025-04-19T14:43:00-07:00,0,25
cv\index.html,72,html,b850fa18,Jesse Huang,2025-04-19,14:43:00,-07:00,2025-04-19T14:43:00-07:00,0,49
cv\index.html,73,html,4bb04a90,Jesse Huang,2025-04-04,15:05:07,-07:00,2025-04-04T15:05:07-07:00,0,6
cv\index.html,74,html,4bb04a90,Jesse Huang,2025-04-04,15:05:07,-07:00,2025-04-04T15:05:07-07:00,0,6
contact\index.html,1,html,4bb04a90,Jesse Huang,2025-04-04,15:05:07,-07:00,2025-04-04T15:05:07-07:00,0,14
contact\index.html,2,html,4bb04a90,Jesse Huang,2025-04-04,15:05:07,-07:00,2025-04-04T15:05:07-07:00,0,15
contact\index.html,3,html,4bb04a90,Jesse Huang,2025-04-04,15:05:07,-07:00,2025-04-04T15:05:07-07:00,0,5
contact\index.html,4,html,4bb04a90,Jesse Huang,2025-04-04,15:05:07,-07:00,2025-04-04T15:05:07-07:00,0,21
contact\index.html,5,html,4bb04a90,Jesse Huang,2025-04-04,15:05:07,-07:00,2025-04-04T15:05:07-07:00,0,69
contact\index.html,6,html,4bb04a90,Jesse Huang,2025-04-04,15:05:07,-07:00,2025-04-04T15:05:07-07:00,0,21
contact\index.html,7,html,4bb04a90,Jesse Huang,2025-04-04,15:05:07,-07:00,2025-04-04T15:05:07-07:00,0,0
contact\index.html,8,html,4bb04a90,Jesse Huang,2025-04-04,15:05:07,-07:00,2025-04-04T15:05:07-07:00,0,42
contact\index.html,9,html,4bb04a90,Jesse Huang,2025-04-04,15:05:07,-07:00,2025-04-04T15:05:07-07:00,0,6
contact\index.html,10,html,4bb04a90,Jesse Huang,2025-04-04,15:05:07,-07:00,2025-04-04T15:05:07-07:00,0,0
contact\index.html,11,html,4bb04a90,Jesse Huang,2025-04-04,15:05:07,-07:00,2025-04-04T15:05:07-07:00,0,5
contact\index.html,12,html,b850fa18,Jesse Huang,2025-04-19,14:43:00,-07:00,2025-04-19T14:43:00-07:00,0,9
contact\index.html,13,html,63f0fc9c,Jesse Huang,2025-04-04,23:57:40,-07:00,2025-04-04T23:57:40-07:00,0,31
contact\index.html,14,html,63f0fc9c,Jesse Huang,2025-04-04,23:57:40,-07:00,2025-04-04T23:57:40-07:00,0,44
contact\index.html,15,html,b850fa18,Jesse Huang,2025-04-19,14:43:00,-07:00,2025-04-19T14:43:00-07:00,0,31
contact\index.html,16,html,63f0fc9c,Jesse Huang,2025-04-04,23:57:40,-07:00,2025-04-04T23:57:40-07:00,0,32
contact\index.html,17,html,63f0fc9c,Jesse Huang,2025-04-04,23:57:40,-07:00,2025-04-04T23:57:40-07:00,0,62
contact\index.html,18,html,b850fa18,Jesse Huang,2025-04-19,14:43:00,-07:00,2025-04-19T14:43:00-07:00,0,9
contact\index.html,19,html,4bb04a90,Jesse Huang,2025-04-04,15:05:07,-07:00,2025-04-04T15:05:07-07:00,0,0
contact\index.html,20,html,4bb04a90,Jesse Huang,2025-04-04,15:05:07,-07:00,2025-04-04T15:05:07-07:00,0,33
contact\index.html,21,html,4bb04a90,Jesse Huang,2025-04-04,15:05:07,-07:00,2025-04-04T15:05:07-07:00,0,0
contact\index.html,22,html,4bb04a90,Jesse Huang,2025-04-04,15:05:07,-07:00,2025-04-04T15:05:07-07:00,0,66
contact\index.html,23,html,63f0fc9c,Jesse Huang,2025-04-04,23:57:40,-07:00,2025-04-04T23:57:40-07:00,0,0
contact\index.html,24,html,b850fa18,Jesse Huang,2025-04-19,14:43:00,-07:00,2025-04-19T14:43:00-07:00,0,14
contact\index.html,25,html,b850fa18,Jesse Huang,2025-04-19,14:43:00,-07:00,2025-04-19T14:43:00-07:00,0,33
contact\index.html,26,html,b850fa18,Jesse Huang,2025-04-19,14:43:00,-07:00,2025-04-19T14:43:00-07:00,0,7
contact\index.html,27,html,4bb04a90,Jesse Huang,2025-04-04,15:05:07,-07:00,2025-04-04T15:05:07-07:00,0,0
contact\index.html,28,html,b850fa18,Jesse Huang,2025-04-19,14:43:00,-07:00,2025-04-19T14:43:00-07:00,0,14
contact\index.html,29,html,b850fa18,Jesse Huang,2025-04-19,14:43:00,-07:00,2025-04-19T14:43:00-07:00,0,32
contact\index.html,30,html,b850fa18,Jesse Huang,2025-04-19,14:43:00,-07:00,2025-04-19T14:43:00-07:00,0,7
contact\index.html,31,html,4bb04a90,Jesse Huang,2025-04-04,15:05:07,-07:00,2025-04-04T15:05:07-07:00,0,0
contact\index.html,32,html,4bb04a90,Jesse Huang,2025-04-04,15:05:07,-07:00,2025-04-04T15:05:07-07:00,0,34
contact\index.html,33,html,4bb04a90,Jesse Huang,2025-04-04,15:05:07,-07:00,2025-04-04T15:05:07-07:00,0,6
contact\index.html,34,html,b850fa18,Jesse Huang,2025-04-19,14:43:00,-07:00,2025-04-19T14:43:00-07:00,0,0
contact\index.html,35,html,b850fa18,Jesse Huang,2025-04-19,14:43:00,-07:00,2025-04-19T14:43:00-07:00,0,25
contact\index.html,36,html,b850fa18,Jesse Huang,2025-04-19,14:43:00,-07:00,2025-04-19T14:43:00-07:00,0,49
contact\index.html,37,html,4bb04a90,Jesse Huang,2025-04-04,15:05:07,-07:00,2025-04-04T15:05:07-07:00,0,6
contact\index.html,38,html,4bb04a90,Jesse Huang,2025-04-04,15:05:07,-07:00,2025-04-04T15:05:07-07:00,0,6
